draft_year,pick,team,name,college
2026,1,WAS,AJ Dybantsa,BYU
2026,2,UTA,Darryn Peterson,Kansas
2026,3,MEM,Cameron Boozer,Duke
2026,4,CHI,Caleb Wilson,UNC
2026,5,LAC,Keaton Wagler,Illinois
2026,6,BRK,Mikel Brown Jr.,Louisville
2026,7,SAC,Darius Acuff Jr.,Arkansas
2026,8,ATL,Kingston Flemings,Houston
2026,9,DAL,Morez Johnson Jr.,Michigan
2026,10,MIL,Brayden Burries,Arizona
2026,11,GSW,Yaxel Lendeborg,Michigan
2026,12,OKC,Aday Mara,Michigan
2026,13,MIA,Nate Ament,Tennessee
2026,14,CHA,Hannes Steinbach,Washington
2026,15,CHI,Dailyn Swain,Texas
2026,16,MEM,Bennett Stirtz,Iowa
2026,17,OKC,Ebuka Okorie,Stanford
2026,18,CHA,Christian Anderson Jr.,Texas Tech
2026,19,TOR,Allen Graves,Santa Clara
2026,20,SAS,Jayden Quaintance,Kentucky
2026,21,DET,Karim López,
2026,22,PHI,Labaron Philon Jr.,Alabama
2026,23,ATL,Zuby Ejiofor,St. John's
2026,24,NYK,Cameron Carr,Baylor
2026,25,LAL,Sergio de Larrea,
2026,26,DEN,Tarris Reed Jr.,UConn
2026,27,BOS,Chris Cenac Jr.,Houston
2026,28,MIN,Joshua Jefferson,Iowa State
2026,29,CLE,Alex Karaban,UConn
2026,30,DAL,Koa Peat,Arizona
2026,31,NYK,Bruce Thornton,Ohio State
2026,32,MEM,Richie Saunders,BYU
2026,33,BRK,Isaiah Evans,Duke
2026,34,SAC,Meleek Thomas,Arkansas
2026,35,SAS,Trevon Brazile,Arkansas
2026,36,LAC,Baba Miller,Cincinnati
2026,37,OKC,Ryan Conwell,Louisville
2026,38,CHI,Braden Smith,Purdue
2026,39,HOU,Jack Kayil,
2026,40,BOS,Dillon Mitchell,St. John's
2026,41,MIA,Otega Oweh,Kentucky
2026,42,SAS,Ja'Kobi Gillespie,Tennessee
2026,43,BRK,Tyler Bilodeau,UCLA
2026,44,SAS,Maliq Brown,Duke
2026,45,SAC,Emanuel Sharp,Houston
2026,46,ORL,Felix Okpara,Tennessee
2026,47,PHO,Tyler Nickel,Vanderbilt
2026,48,DAL,Tobi Lawal,Virginia Tech
2026,49,DEN,Bryce Hopkins,St. John's
2026,50,TOR,Jaden Bradley,Arizona
2026,51,WAS,Izaiyah Nelson,South Florida
2026,52,LAC,Henri Veesaar,UNC
2026,53,HOU,Ugonna Onyenso,Virginia
2026,54,GSW,Lajae Jones,Florida State
2026,55,NYK,Nick Martinelli,Northwestern
2026,56,CHI,Vsevolod Ishchenko,
2026,57,ATL,Narcisse Ngoy,
2026,58,NOP,Jaron Pierre Jr.,SMU
2026,59,MIN,Trey Kaufman-Renn,Purdue
2026,60,WAS,Malique Lewis,
