bref_id,name,season,age,pos,team,teams,games,games_started,mp,fg,fga,fg3,fg3a,ft,fta,orb,drb,trb,ast,stl,blk,tov,pts
doncilu01,Luka Dončić,2026,26,PG,LAL,LAL,64.0,64.0,2289.0,693.0,1457.0,254.0,694.0,503.0,645.0,41.0,454.0,495.0,530.0,105.0,34.0,255.0,2143.0
gilgesh01,Shai Gilgeous-Alexander,2026,27,PG,OKC,OKC,68.0,68.0,2259.0,731.0,1321.0,115.0,298.0,540.0,614.0,38.0,254.0,292.0,448.0,95.0,52.0,151.0,2117.0
brownja02,Jaylen Brown,2026,29,SF,BOS,BOS,71.0,71.0,2443.0,736.0,1543.0,140.0,404.0,426.0,536.0,81.0,411.0,492.0,364.0,72.0,27.0,259.0,2038.0
duranke01,Kevin Durant,2026,37,SF,HOU,HOU,78.0,78.0,2840.0,716.0,1376.0,186.0,450.0,408.0,467.0,41.0,385.0,426.0,372.0,62.0,71.0,246.0,2026.0
maxeyty01,Tyrese Maxey,2026,25,PG,PHI,PHI,70.0,70.0,2661.0,694.0,1501.0,220.0,599.0,372.0,417.0,24.0,266.0,290.0,461.0,130.0,55.0,171.0,1980.0
mitchdo01,Donovan Mitchell,2026,29,SG,CLE,CLE,70.0,70.0,2342.0,678.0,1403.0,224.0,616.0,372.0,430.0,50.0,266.0,316.0,398.0,104.0,20.0,198.0,1952.0
brunsja01,Jalen Brunson,2026,29,PG,NYK,NYK,74.0,74.0,2590.0,689.0,1475.0,195.0,528.0,354.0,421.0,31.0,216.0,247.0,503.0,57.0,8.0,175.0,1927.0
murraja01,Jamal Murray,2026,28,PG,DEN,DEN,75.0,75.0,2652.0,657.0,1360.0,245.0,563.0,346.0,390.0,32.0,298.0,330.0,535.0,66.0,29.0,171.0,1905.0
leonaka01,Kawhi Leonard,2026,34,SF,LAC,LAC,65.0,65.0,2085.0,635.0,1258.0,172.0,445.0,371.0,416.0,71.0,342.0,413.0,234.0,122.0,27.0,133.0,1813.0
jokicni01,Nikola Jokić,2026,30,C,DEN,DEN,65.0,65.0,2265.0,644.0,1132.0,112.0,295.0,399.0,480.0,192.0,644.0,836.0,697.0,92.0,53.0,243.0,1799.0
edwaran01,Anthony Edwards,2026,24,SG,MIN,MIN,61.0,60.0,2137.0,602.0,1231.0,205.0,514.0,348.0,437.0,36.0,266.0,302.0,226.0,83.0,49.0,174.0,1757.0
bookede01,Devin Booker,2026,29,SG,PHO,PHO,64.0,64.0,2146.0,546.0,1198.0,122.0,370.0,454.0,520.0,48.0,200.0,248.0,386.0,51.0,18.0,201.0,1668.0
randlju01,Julius Randle,2026,31,PF,MIN,MIN,79.0,79.0,2610.0,580.0,1207.0,109.0,346.0,398.0,496.0,132.0,400.0,532.0,398.0,86.0,18.0,217.0,1667.0
ingrabr01,Brandon Ingram,2026,28,SF,TOR,TOR,77.0,77.0,2604.0,614.0,1288.0,135.0,353.0,292.0,356.0,63.0,367.0,430.0,284.0,58.0,55.0,187.0,1655.0
hardeja01,James Harden,2026,36,PG,CLE,LAC/CLE,70.0,70.0,2438.0,487.0,1123.0,215.0,573.0,463.0,524.0,40.0,296.0,336.0,557.0,79.0,28.0,245.0,1652.0
banede01,Desmond Bane,2026,27,SG,ORL,ORL,82.0,82.0,2756.0,583.0,1205.0,167.0,427.0,314.0,346.0,98.0,240.0,338.0,338.0,86.0,37.0,164.0,1647.0
alexani01,Nickeil Alexander-Walker,2026,27,SG,ATL,ATL,78.0,71.0,2603.0,548.0,1195.0,251.0,629.0,277.0,307.0,52.0,216.0,268.0,286.0,102.0,42.0,162.0,1624.0
johnsja05,Jalen Johnson,2026,24,SF,ATL,ATL,72.0,72.0,2532.0,600.0,1228.0,120.0,341.0,301.0,382.0,101.0,639.0,740.0,566.0,89.0,31.0,244.0,1621.0
wembavi01,Victor Wembanyama,2026,22,C,SAS,SAS,64.0,55.0,1866.0,553.0,1080.0,122.0,350.0,372.0,450.0,130.0,606.0,736.0,199.0,66.0,197.0,155.0,1600.0
banchpa01,Paolo Banchero,2026,23,PF,ORL,ORL,72.0,72.0,2502.0,529.0,1152.0,84.0,275.0,457.0,590.0,85.0,519.0,604.0,373.0,51.0,40.0,222.0,1599.0
avdijde01,Deni Avdija,2026,25,SF,POR,POR,66.0,66.0,2199.0,492.0,1064.0,125.0,393.0,489.0,610.0,74.0,380.0,454.0,442.0,51.0,41.0,253.0,1598.0
cunnica01,Cade Cunningham,2026,24,PG,DET,DET,64.0,64.0,2172.0,548.0,1189.0,125.0,366.0,310.0,382.0,56.0,299.0,355.0,634.0,92.0,54.0,236.0,1531.0
townska01,Karl-Anthony Towns,2026,30,C,NYK,NYK,75.0,75.0,2322.0,517.0,1032.0,113.0,307.0,357.0,416.0,233.0,656.0,889.0,226.0,65.0,40.0,187.0,1504.0
knuepko01,Kon Knueppel,2026,20,SF,CHO,CHO,81.0,80.0,2551.0,515.0,1084.0,273.0,642.0,195.0,226.0,97.0,335.0,432.0,274.0,57.0,19.0,161.0,1498.0
siakapa01,Pascal Siakam,2026,31,PF,IND,IND,62.0,62.0,2057.0,559.0,1155.0,105.0,293.0,262.0,378.0,89.0,322.0,411.0,236.0,69.0,25.0,138.0,1485.0
flaggco01,Cooper Flagg,2026,19,SF,DAL,DAL,70.0,70.0,2344.0,559.0,1194.0,72.0,244.0,283.0,342.0,86.0,380.0,466.0,316.0,84.0,64.0,161.0,1473.0
adebaba01,Bam Adebayo,2026,28,C,MIA,MIA,73.0,73.0,2365.0,506.0,1145.0,127.0,400.0,329.0,423.0,149.0,583.0,732.0,232.0,86.0,49.0,120.0,1468.0
sengual01,Alperen Şengün,2026,23,C,HOU,HOU,72.0,72.0,2398.0,583.0,1123.0,40.0,131.0,260.0,376.0,215.0,425.0,640.0,445.0,85.0,77.0,227.0,1466.0
barnesc01,Scottie Barnes,2026,24,PF,TOR,TOR,80.0,80.0,2681.0,569.0,1123.0,68.0,224.0,242.0,297.0,149.0,451.0,600.0,474.0,114.0,116.0,210.0,1448.0
ballla01,LaMelo Ball,2026,24,PG,CHO,CHO,72.0,69.0,2017.0,506.0,1244.0,272.0,740.0,161.0,179.0,65.0,282.0,347.0,514.0,87.0,17.0,202.0,1445.0
thompam01,Amen Thompson,2026,23,PG,HOU,HOU,79.0,79.0,2953.0,557.0,1044.0,25.0,116.0,304.0,390.0,235.0,379.0,614.0,420.0,119.0,48.0,190.0,1443.0
mccolcj01,CJ McCollum,2026,34,PG,ATL,WAS/ATL,76.0,60.0,2264.0,525.0,1154.0,191.0,510.0,183.0,237.0,62.0,190.0,252.0,293.0,64.0,35.0,135.0,1424.0
murphtr02,Trey Murphy III,2026,25,SF,NOP,NOP,66.0,66.0,2341.0,494.0,1050.0,214.0,565.0,218.0,246.0,63.0,314.0,377.0,250.0,99.0,24.0,120.0,1420.0
derozde01,DeMar DeRozan,2026,36,PF,SAC,SAC,77.0,77.0,2406.0,499.0,1005.0,47.0,147.0,374.0,431.0,35.0,191.0,226.0,316.0,80.0,23.0,96.0,1419.0
durenja01,Jalen Duren,2026,22,C,DET,DET,70.0,70.0,1976.0,522.0,803.0,0.0,0.0,321.0,430.0,265.0,472.0,737.0,138.0,57.0,59.0,130.0,1365.0
pritcpa01,Payton Pritchard,2026,28,PG,BOS,BOS,79.0,50.0,2556.0,506.0,1091.0,212.0,562.0,121.0,136.0,69.0,243.0,312.0,408.0,58.0,10.0,109.0,1345.0
foxde01,De'Aaron Fox,2026,28,PG,SAS,SAS,72.0,72.0,2231.0,509.0,1047.0,131.0,395.0,187.0,246.0,42.0,228.0,270.0,445.0,89.0,19.0,164.0,1336.0
bridgmi02,Miles Bridges,2026,27,PF,CHO,CHO,77.0,77.0,2387.0,479.0,1042.0,148.0,445.0,208.0,253.0,75.0,375.0,450.0,246.0,46.0,34.0,107.0,1314.0
millebr02,Brandon Miller,2026,23,SF,CHO,CHO,65.0,65.0,1968.0,454.0,1044.0,204.0,533.0,199.0,223.0,70.0,249.0,319.0,217.0,66.0,44.0,163.0,1311.0
willizi01,Zion Williamson,2026,25,PF,NOP,NOP,62.0,55.0,1841.0,484.0,807.0,1.0,4.0,333.0,465.0,125.0,228.0,353.0,199.0,60.0,34.0,126.0,1302.0
rolliry01,Ryan Rollins,2026,23,PG,MIL,MIL,74.0,67.0,2376.0,486.0,1030.0,184.0,453.0,125.0,157.0,54.0,284.0,338.0,414.0,110.0,31.0,201.0,1281.0
georgke01,Keyonte George,2026,22,PG,UTA,UTA,54.0,54.0,1786.0,402.0,881.0,134.0,361.0,337.0,378.0,23.0,176.0,199.0,332.0,58.0,14.0,166.0,1275.0
beysa01,Saddiq Bey,2026,26,SF,NOP,NOP,72.0,64.0,2246.0,436.0,967.0,151.0,412.0,248.0,295.0,121.0,279.0,400.0,182.0,68.0,7.0,68.0,1271.0
whitede01,Derrick White,2026,31,SG,BOS,BOS,77.0,77.0,2625.0,437.0,1108.0,209.0,640.0,184.0,204.0,86.0,253.0,339.0,414.0,88.0,98.0,134.0,1267.0
powelno01,Norman Powell,2026,32,SG,MIA,MIA,58.0,52.0,1717.0,421.0,895.0,156.0,410.0,263.0,318.0,22.0,181.0,203.0,143.0,64.0,14.0,111.0,1261.0
portemi01,Michael Porter Jr.,2026,27,SF,BRK,BRK,52.0,52.0,1689.0,444.0,958.0,176.0,485.0,195.0,227.0,69.0,298.0,367.0,158.0,55.0,13.0,122.0,1259.0
jamesle01,LeBron James,2026,41,SF,LAL,LAL,60.0,60.0,1989.0,473.0,919.0,77.0,243.0,233.0,316.0,43.0,321.0,364.0,432.0,72.0,35.0,179.0,1256.0
buzelma01,Matas Buzelis,2026,21,PF,CHI,CHI,77.0,77.0,2248.0,446.0,963.0,173.0,495.0,187.0,238.0,77.0,371.0,448.0,158.0,55.0,116.0,159.0,1252.0
smithja05,Jabari Smith Jr.,2026,22,PF,HOU,HOU,77.0,77.0,2705.0,438.0,974.0,177.0,488.0,162.0,209.0,108.0,421.0,529.0,143.0,56.0,71.0,105.0,1215.0
edgecvj01,VJ Edgecombe,2026,20,SG,PHI,PHI,75.0,75.0,2623.0,451.0,1030.0,149.0,421.0,148.0,181.0,122.0,301.0,423.0,315.0,107.0,39.0,137.0,1199.0
reaveau01,Austin Reaves,2026,27,SG,LAL,LAL,51.0,45.0,1762.0,373.0,762.0,118.0,328.0,323.0,371.0,33.0,207.0,240.0,280.0,56.0,20.0,151.0,1187.0
bridgmi01,Mikal Bridges,2026,29,SF,NYK,NYK,82.0,82.0,2692.0,472.0,963.0,156.0,420.0,81.0,98.0,79.0,233.0,312.0,304.0,107.0,62.0,83.0,1181.0
holmgch01,Chet Holmgren,2026,23,PF,OKC,OKC,69.0,69.0,1997.0,434.0,779.0,88.0,243.0,225.0,284.0,130.0,485.0,615.0,115.0,43.0,131.0,107.0,1181.0
mobleev01,Evan Mobley,2026,24,PF,CLE,CLE,65.0,63.0,2074.0,469.0,859.0,62.0,209.0,180.0,297.0,156.0,430.0,586.0,234.0,48.0,113.0,122.0,1180.0
fearsje01,Jeremiah Fears,2026,19,PG,NOP,NOP,82.0,49.0,2112.0,437.0,1006.0,101.0,306.0,194.0,246.0,60.0,240.0,300.0,279.0,97.0,30.0,178.0,1169.0
jaqueja01,Jaime Jaquez Jr.,2026,24,SF,MIA,MIA,75.0,1.0,2121.0,464.0,915.0,58.0,183.0,166.0,216.0,96.0,279.0,375.0,352.0,51.0,21.0,152.0,1152.0
quickim01,Immanuel Quickley,2026,26,PG,TOR,TOR,70.0,70.0,2231.0,401.0,905.0,178.0,476.0,170.0,207.0,38.0,244.0,282.0,415.0,92.0,5.0,102.0,1150.0
curryst01,Stephen Curry,2026,37,PG,GSW,GSW,43.0,41.0,1329.0,374.0,799.0,190.0,484.0,204.0,221.0,17.0,137.0,154.0,203.0,49.0,17.0,121.0,1142.0
castlst01,Stephon Castle,2026,21,PG,SAS,SAS,68.0,67.0,2038.0,385.0,817.0,81.0,244.0,282.0,384.0,98.0,264.0,362.0,502.0,78.0,19.0,217.0,1133.0
podzibr01,Brandin Podziemski,2026,22,SG,GSW,GSW,82.0,43.0,2333.0,394.0,866.0,153.0,412.0,192.0,241.0,72.0,347.0,419.0,304.0,88.0,15.0,131.0,1133.0
brookdi01,Dillon Brooks,2026,30,SF,PHO,PHO,56.0,56.0,1702.0,417.0,959.0,127.0,369.0,170.0,202.0,43.0,160.0,203.0,99.0,57.0,9.0,98.0,1131.0
marshna01,Naji Marshall,2026,28,SF,DAL,DAL,74.0,47.0,2184.0,419.0,821.0,62.0,213.0,228.0,300.0,65.0,283.0,348.0,241.0,82.0,6.0,119.0,1128.0
markkla01,Lauri Markkanen,2026,28,PF,UTA,UTA,42.0,42.0,1443.0,384.0,805.0,115.0,324.0,240.0,268.0,84.0,205.0,289.0,89.0,42.0,21.0,63.0,1123.0
okongon01,Onyeka Okongwu,2026,25,C,ATL,ATL,74.0,63.0,2297.0,413.0,860.0,144.0,383.0,153.0,202.0,140.0,422.0,562.0,231.0,82.0,79.0,127.0,1123.0
anunoog01,OG Anunoby,2026,28,PF,NYK,NYK,67.0,67.0,2224.0,389.0,804.0,157.0,407.0,183.0,221.0,85.0,266.0,351.0,145.0,104.0,48.0,123.0,1118.0
sensabr01,Brice Sensabaugh,2026,22,SF,UTA,UTA,75.0,22.0,1762.0,394.0,857.0,162.0,442.0,166.0,201.0,56.0,175.0,231.0,143.0,54.0,12.0,124.0,1116.0
sheppre01,Reed Sheppard,2026,21,SG,HOU,HOU,82.0,21.0,2147.0,407.0,946.0,227.0,576.0,69.0,86.0,28.0,210.0,238.0,277.0,122.0,54.0,123.0,1110.0
camarto01,Toumani Camara,2026,25,PF,POR,POR,82.0,82.0,2731.0,392.0,891.0,219.0,592.0,97.0,137.0,129.0,292.0,421.0,201.0,94.0,35.0,144.0,1100.0
barrerj01,RJ Barrett,2026,25,SF,TOR,TOR,57.0,57.0,1726.0,401.0,816.0,96.0,283.0,200.0,279.0,55.0,245.0,300.0,189.0,42.0,19.0,99.0,1098.0
mcdanja02,Jaden McDaniels,2026,25,PF,MIN,MIN,73.0,73.0,2316.0,417.0,809.0,103.0,250.0,147.0,176.0,76.0,234.0,310.0,199.0,81.0,73.0,131.0,1084.0
johnske04,Keldon Johnson,2026,26,SF,SAS,SAS,82.0,0.0,1911.0,414.0,797.0,99.0,273.0,154.0,194.0,137.0,303.0,440.0,111.0,46.0,11.0,70.0,1081.0
hardati02,Tim Hardaway Jr.,2026,33,SG,DEN,DEN,80.0,6.0,2127.0,348.0,779.0,224.0,550.0,159.0,196.0,17.0,189.0,206.0,108.0,42.0,10.0,43.0,1079.0
grantje01,Jerami Grant,2026,31,PF,POR,POR,57.0,38.0,1695.0,331.0,730.0,136.0,350.0,262.0,322.0,55.0,143.0,198.0,122.0,42.0,36.0,119.0,1060.0
sextoco01,Collin Sexton,2026,27,SG,CHI,CHO/CHI,68.0,22.0,1614.0,360.0,742.0,112.0,279.0,218.0,255.0,41.0,114.0,155.0,223.0,76.0,10.0,141.0,1050.0
reidna01,Naz Reid,2026,26,C,MIN,MIN,77.0,3.0,2007.0,397.0,871.0,162.0,448.0,90.0,123.0,90.0,387.0,477.0,170.0,76.0,78.0,126.0,1046.0
wiggian01,Andrew Wiggins,2026,30,SF,MIA,MIA,68.0,68.0,2063.0,390.0,821.0,138.0,333.0,127.0,162.0,115.0,214.0,329.0,182.0,76.0,69.0,103.0,1045.0
sharpsh01,Shaedon Sharpe,2026,22,SG,POR,POR,50.0,42.0,1471.0,392.0,868.0,103.0,306.0,155.0,197.0,51.0,166.0,217.0,132.0,70.0,6.0,147.0,1042.0
dosunay01,Ayo Dosunmu,2026,26,SG,MIN,CHI/MIN,69.0,19.0,1881.0,386.0,747.0,123.0,280.0,127.0,145.0,47.0,190.0,237.0,249.0,58.0,18.0,96.0,1022.0
embiijo01,Joel Embiid,2026,31,C,PHI,PHI,38.0,38.0,1201.0,341.0,697.0,53.0,159.0,286.0,335.0,75.0,218.0,293.0,150.0,21.0,46.0,109.0,1021.0
gilleco01,Collin Gillespie,2026,26,PG,PHO,PHO,80.0,58.0,2282.0,352.0,842.0,232.0,578.0,76.0,87.0,89.0,238.0,327.0,371.0,99.0,16.0,125.0,1012.0
grimequ01,Quentin Grimes,2026,25,SG,PHI,PHI,75.0,19.0,2206.0,340.0,755.0,127.0,380.0,199.0,237.0,46.0,227.0,273.0,244.0,64.0,28.0,133.0,1006.0
divindo01,Donte DiVincenzo,2026,29,SG,MIN,MIN,82.0,82.0,2494.0,339.0,835.0,244.0,644.0,78.0,105.0,67.0,269.0,336.0,313.0,104.0,34.0,118.0,1000.0
antetgi01,Giannis Antetokounmpo,2026,31,PF,MIL,MIL,36.0,36.0,1039.0,373.0,598.0,15.0,45.0,232.0,357.0,98.0,254.0,352.0,196.0,34.0,24.0,115.0,993.0
baileac01,Ace Bailey,2026,19,SF,UTA,UTA,72.0,61.0,1988.0,395.0,892.0,137.0,398.0,66.0,88.0,104.0,198.0,302.0,131.0,60.0,49.0,107.0,993.0
westbru01,Russell Westbrook,2026,37,SF,SAC,SAC,64.0,58.0,1853.0,358.0,839.0,128.0,379.0,127.0,183.0,80.0,268.0,348.0,426.0,83.0,12.0,209.0,971.0
nembhan01,Andrew Nembhard,2026,26,PG,IND,IND,57.0,57.0,1786.0,333.0,753.0,107.0,296.0,193.0,234.0,25.0,135.0,160.0,437.0,51.0,8.0,137.0,966.0
vucevni01,Nikola Vučević,2026,35,C,BOS,CHI/BOS,64.0,49.0,1818.0,394.0,799.0,100.0,271.0,77.0,93.0,125.0,412.0,537.0,213.0,39.0,41.0,85.0,965.0
blackan01,Anthony Black,2026,22,PG,ORL,ORL,64.0,40.0,1910.0,345.0,772.0,100.0,300.0,169.0,231.0,47.0,197.0,244.0,236.0,91.0,45.0,132.0,959.0
mathube01,Bennedict Mathurin,2026,23,SF,LAC,IND/LAC,54.0,25.0,1620.0,291.0,677.0,75.0,238.0,292.0,336.0,55.0,238.0,293.0,129.0,43.0,13.0,118.0,949.0
queende01,Derik Queen,2026,21,C,NOP,NOP,81.0,48.0,2023.0,354.0,748.0,23.0,88.0,217.0,273.0,136.0,436.0,572.0,298.0,84.0,74.0,190.0,948.0
chrisma02,Max Christie,2026,22,SG,DAL,DAL,77.0,68.0,2244.0,320.0,725.0,180.0,446.0,125.0,139.0,15.0,234.0,249.0,151.0,47.0,27.0,96.0,945.0
robindu01,Duncan Robinson,2026,31,SG,DET,DET,77.0,77.0,2113.0,318.0,698.0,220.0,536.0,83.0,110.0,29.0,176.0,205.0,159.0,44.0,22.0,54.0,939.0
collijo01,John Collins,2026,28,PF,LAC,LAC,69.0,56.0,1872.0,364.0,659.0,89.0,219.0,118.0,154.0,110.0,257.0,367.0,70.0,60.0,51.0,95.0,935.0
clingdo01,Donovan Clingan,2026,21,C,POR,POR,77.0,77.0,2094.0,356.0,684.0,84.0,246.0,138.0,203.0,347.0,545.0,892.0,162.0,44.0,130.0,95.0,934.0
vassede01,Devin Vassell,2026,25,SG,SAS,SAS,67.0,65.0,2044.0,330.0,755.0,166.0,432.0,106.0,130.0,39.0,230.0,269.0,167.0,57.0,25.0,60.0,932.0
jacksja02,Jaren Jackson Jr.,2026,26,C,UTA,MEM/UTA,48.0,48.0,1454.0,342.0,719.0,84.0,235.0,163.0,203.0,42.0,230.0,272.0,94.0,53.0,69.0,107.0,931.0
cartewe01,Wendell Carter Jr.,2026,26,C,ORL,ORL,78.0,78.0,2288.0,326.0,637.0,72.0,226.0,198.0,250.0,162.0,415.0,577.0,154.0,60.0,49.0,100.0,922.0
raynama01,Maxime Raynaud,2026,22,C,SAC,SAC,74.0,56.0,1964.0,383.0,671.0,24.0,74.0,132.0,168.0,142.0,414.0,556.0,100.0,38.0,39.0,94.0,922.0
giddejo01,Josh Giddey,2026,23,PG,CHI,CHI,54.0,51.0,1731.0,321.0,717.0,103.0,283.0,174.0,228.0,67.0,381.0,448.0,494.0,55.0,27.0,196.0,919.0
portibo01,Bobby Portis,2026,30,PF,MIL,MIL,67.0,9.0,1619.0,366.0,750.0,135.0,296.0,48.0,68.0,89.0,339.0,428.0,105.0,41.0,12.0,66.0,915.0
jonestr01,Tre Jones,2026,26,PG,CHI,CHI,65.0,41.0,1752.0,341.0,617.0,41.0,130.0,191.0,227.0,38.0,166.0,204.0,350.0,76.0,11.0,92.0,914.0
champju02,Julian Champagnie,2026,24,SF,SAS,SAS,82.0,68.0,2266.0,301.0,689.0,195.0,512.0,114.0,135.0,74.0,399.0,473.0,127.0,62.0,38.0,69.0,911.0
daniedy01,Dyson Daniels,2026,22,SG,ATL,ATL,76.0,76.0,2520.0,402.0,777.0,22.0,117.0,75.0,122.0,184.0,336.0,520.0,449.0,149.0,31.0,135.0,901.0
aytonde01,Deandre Ayton,2026,27,C,LAL,LAL,72.0,72.0,1958.0,403.0,601.0,0.0,0.0,91.0,141.0,185.0,390.0,575.0,59.0,41.0,70.0,83.0,897.0
kuzmaky01,Kyle Kuzma,2026,30,PF,MIL,MIL,69.0,43.0,1806.0,339.0,689.0,83.0,239.0,135.0,186.0,57.0,256.0,313.0,184.0,46.0,28.0,119.0,896.0
mamuksa01,Sandro Mamukelashvili,2026,26,C,TOR,TOR,80.0,13.0,1751.0,330.0,631.0,115.0,296.0,118.0,158.0,108.0,287.0,395.0,151.0,64.0,41.0,67.0,893.0
walkeja02,Jarace Walker,2026,22,PF,IND,IND,76.0,41.0,1953.0,307.0,733.0,133.0,356.0,137.0,183.0,49.0,342.0,391.0,192.0,63.0,26.0,139.0,884.0
filipky01,Kyle Filipowski,2026,22,C,UTA,UTA,77.0,41.0,1801.0,323.0,657.0,74.0,228.0,159.0,212.0,144.0,408.0,552.0,198.0,73.0,39.0,125.0,879.0
carrica01,Bub Carrington,2026,20,PG,WAS,WAS,82.0,48.0,2271.0,314.0,741.0,169.0,414.0,81.0,111.0,33.0,243.0,276.0,381.0,52.0,17.0,191.0,878.0
tysonja01,Jaylon Tyson,2026,23,SG,CLE,CLE,66.0,42.0,1777.0,330.0,670.0,133.0,298.0,79.0,107.0,118.0,220.0,338.0,147.0,54.0,28.0,99.0,872.0
whiteco01,Coby White,2026,25,SG,CHO,CHI/CHO,50.0,26.0,1249.0,278.0,623.0,115.0,318.0,197.0,241.0,17.0,153.0,170.0,200.0,25.0,5.0,128.0,868.0
holidjr01,Jrue Holiday,2026,35,PG,POR,POR,53.0,51.0,1560.0,320.0,709.0,137.0,362.0,88.0,105.0,71.0,174.0,245.0,322.0,54.0,6.0,146.0,865.0
wellsja01,Jaylen Wells,2026,22,SG,MEM,MEM,69.0,69.0,1821.0,301.0,698.0,129.0,365.0,134.0,171.0,61.0,159.0,220.0,111.0,61.0,9.0,74.0,865.0
allenja01,Jarrett Allen,2026,27,C,CLE,CLE,56.0,56.0,1519.0,337.0,528.0,1.0,10.0,185.0,261.0,144.0,332.0,476.0,100.0,55.0,47.0,75.0,860.0
willibr03,Brandon Williams,2026,26,PG,DAL,DAL,66.0,15.0,1463.0,291.0,617.0,36.0,155.0,241.0,304.0,30.0,161.0,191.0,256.0,62.0,20.0,125.0,859.0
wareke01,Kel'el Ware,2026,21,C,MIA,MIA,77.0,34.0,1704.0,344.0,649.0,92.0,233.0,71.0,96.0,217.0,477.0,694.0,56.0,59.0,84.0,62.0,851.0
turnemy01,Myles Turner,2026,29,C,MIL,MIL,71.0,71.0,1912.0,284.0,646.0,147.0,384.0,131.0,177.0,75.0,303.0,378.0,103.0,50.0,115.0,83.0,846.0
garlada01,Darius Garland,2026,26,PG,LAC,CLE/LAC,45.0,43.0,1344.0,309.0,672.0,122.0,308.0,105.0,122.0,18.0,89.0,107.0,301.0,43.0,8.0,130.0,845.0
cowarce01,Cedric Coward,2026,22,SG,MEM,MEM,62.0,47.0,1598.0,305.0,648.0,93.0,275.0,140.0,166.0,83.0,281.0,364.0,171.0,40.0,27.0,105.0,843.0
allengr01,Grayson Allen,2026,30,SG,PHO,PHO,51.0,27.0,1467.0,269.0,667.0,159.0,455.0,144.0,168.0,37.0,118.0,155.0,195.0,69.0,13.0,83.0,841.0
harrito02,Tobias Harris,2026,33,PF,DET,DET,63.0,63.0,1746.0,309.0,659.0,82.0,223.0,136.0,157.0,55.0,268.0,323.0,157.0,58.0,26.0,63.0,836.0
goberru01,Rudy Gobert,2026,33,C,MIN,MIN,76.0,76.0,2380.0,335.0,491.0,0.0,5.0,159.0,302.0,299.0,573.0,872.0,128.0,58.0,124.0,106.0,829.0
harpedy01,Dylan Harper,2026,19,SG,SAS,SAS,69.0,4.0,1558.0,331.0,656.0,61.0,178.0,90.0,119.0,54.0,180.0,234.0,266.0,54.0,24.0,99.0,813.0
claxtni01,Nic Claxton,2026,26,C,BRK,BRK,69.0,68.0,1920.0,333.0,583.0,3.0,19.0,141.0,229.0,168.0,310.0,478.0,253.0,45.0,77.0,96.0,810.0
thompkl01,Klay Thompson,2026,35,SF,DAL,DAL,69.0,8.0,1497.0,286.0,728.0,202.0,527.0,36.0,47.0,18.0,125.0,143.0,96.0,33.0,22.0,63.0,810.0
clownno01,Noah Clowney,2026,21,PF,BRK,BRK,66.0,60.0,1780.0,250.0,631.0,129.0,392.0,180.0,224.0,52.0,221.0,273.0,108.0,50.0,45.0,102.0,809.0
greenaj01,A.J. Green,2026,26,SG,MIL,MIL,78.0,68.0,2270.0,262.0,618.0,232.0,554.0,53.0,62.0,29.0,184.0,213.0,152.0,39.0,8.0,75.0,809.0
larsspe01,Pelle Larsson,2026,24,SG,MIA,MIA,70.0,54.0,1849.0,277.0,559.0,62.0,192.0,184.0,231.0,69.0,175.0,244.0,236.0,49.0,16.0,101.0,800.0
spencca01,Cam Spencer,2026,25,SG,MEM,MEM,72.0,20.0,1714.0,263.0,556.0,146.0,325.0,126.0,134.0,40.0,143.0,183.0,400.0,52.0,11.0,93.0,798.0
washipj01,P.J. Washington,2026,27,PF,DAL,DAL,56.0,53.0,1736.0,296.0,658.0,76.0,234.0,125.0,182.0,84.0,310.0,394.0,98.0,55.0,60.0,94.0,793.0
hartjo01,Josh Hart,2026,30,SF,NYK,NYK,66.0,52.0,1994.0,301.0,592.0,100.0,242.0,90.0,125.0,93.0,393.0,486.0,317.0,75.0,17.0,128.0,792.0
watsope01,Peyton Watson,2026,23,SF,DEN,DEN,54.0,40.0,1598.0,285.0,581.0,81.0,197.0,138.0,189.0,49.0,215.0,264.0,111.0,50.0,61.0,93.0,789.0
suggsja01,Jalen Suggs,2026,24,PG,ORL,ORL,57.0,56.0,1574.0,282.0,649.0,122.0,360.0,100.0,117.0,36.0,184.0,220.0,312.0,105.0,40.0,152.0,786.0
joeis01,Isaiah Joe,2026,26,SG,OKC,OKC,71.0,9.0,1507.0,247.0,543.0,181.0,428.0,110.0,123.0,33.0,148.0,181.0,94.0,50.0,11.0,45.0,785.0
simonan01,Anfernee Simons,2026,26,SG,CHI,BOS/CHI,55.0,5.0,1372.0,285.0,648.0,146.0,379.0,69.0,77.0,31.0,104.0,135.0,134.0,27.0,8.0,68.0,785.0
huffja01,Jay Huff,2026,27,C,IND,IND,82.0,47.0,1719.0,291.0,611.0,119.0,373.0,82.0,99.0,73.0,251.0,324.0,121.0,41.0,153.0,76.0,783.0
sarral01,Alex Sarr,2026,20,C,WAS,WAS,48.0,48.0,1305.0,316.0,656.0,50.0,150.0,101.0,146.0,105.0,250.0,355.0,130.0,39.0,95.0,82.0,783.0
hachiru01,Rui Hachimura,2026,27,PF,LAL,LAL,68.0,41.0,1927.0,307.0,597.0,116.0,262.0,50.0,72.0,41.0,185.0,226.0,57.0,39.0,21.0,42.0,780.0
quetane01,Neemias Queta,2026,26,C,BOS,BOS,76.0,75.0,1926.0,326.0,499.0,1.0,8.0,123.0,175.0,230.0,406.0,636.0,126.0,60.0,100.0,75.0,776.0
mitchaj01,Ajay Mitchell,2026,23,SG,OKC,OKC,57.0,16.0,1473.0,286.0,590.0,61.0,176.0,141.0,162.0,40.0,150.0,190.0,206.0,71.0,18.0,81.0,774.0
monkma01,Malik Monk,2026,27,SG,SAC,SAC,62.0,3.0,1364.0,277.0,632.0,124.0,314.0,94.0,107.0,15.0,102.0,117.0,185.0,37.0,24.0,91.0,772.0
barneha02,Harrison Barnes,2026,33,PF,SAS,SAS,77.0,52.0,1986.0,262.0,575.0,139.0,358.0,102.0,123.0,62.0,151.0,213.0,148.0,50.0,12.0,61.0,765.0
onealro01,Royce O'Neale,2026,32,SF,PHO,PHO,78.0,67.0,2213.0,263.0,625.0,212.0,520.0,27.0,38.0,59.0,313.0,372.0,208.0,84.0,32.0,103.0,765.0
rileywi01,Will Riley,2026,19,SF,WAS,WAS,74.0,18.0,1633.0,271.0,618.0,78.0,247.0,144.0,180.0,56.0,156.0,212.0,146.0,54.0,9.0,94.0,764.0
dasiltr01,Tristan Da Silva,2026,24,SF,ORL,ORL,77.0,34.0,1899.0,279.0,620.0,120.0,321.0,84.0,95.0,58.0,226.0,284.0,124.0,68.0,25.0,69.0,762.0
butleji01,Jimmy Butler,2026,36,SF,GSW,GSW,38.0,38.0,1182.0,240.0,462.0,32.0,85.0,248.0,287.0,88.0,123.0,211.0,185.0,55.0,8.0,60.0,760.0
schrode01,Dennis Schröder,2026,32,PG,CLE,SAC/CLE,70.0,17.0,1697.0,255.0,629.0,75.0,228.0,171.0,205.0,33.0,157.0,190.0,341.0,55.0,11.0,124.0,756.0
lavinza01,Zach LaVine,2026,30,SG,SAC,SAC,39.0,37.0,1224.0,262.0,547.0,99.0,254.0,125.0,142.0,8.0,100.0,108.0,89.0,28.0,10.0,74.0,748.0
achiupr01,Precious Achiuwa,2026,26,C,SAC,SAC,73.0,57.0,1745.0,316.0,598.0,27.0,97.0,77.0,139.0,177.0,315.0,492.0,101.0,65.0,50.0,65.0,736.0
johnstr03,Tre Johnson,2026,19,SG,WAS,WAS,60.0,42.0,1443.0,271.0,647.0,115.0,321.0,76.0,87.0,29.0,141.0,170.0,122.0,33.0,18.0,93.0,733.0
moodymo01,Moses Moody,2026,23,SG,GSW,GSW,60.0,49.0,1540.0,245.0,557.0,151.0,377.0,87.0,113.0,51.0,149.0,200.0,98.0,58.0,34.0,57.0,728.0
thompau01,Ausar Thompson,2026,23,SF,DET,DET,73.0,72.0,1896.0,303.0,577.0,6.0,24.0,109.0,191.0,150.0,268.0,418.0,228.0,146.0,69.0,110.0,721.0
hausesa01,Sam Hauser,2026,28,PF,BOS,BOS,78.0,49.0,1934.0,252.0,601.0,198.0,504.0,17.0,20.0,56.0,244.0,300.0,114.0,38.0,23.0,35.0,719.0
landajo01,Jock Landale,2026,30,C,ATL,MEM/ATL,68.0,27.0,1506.0,282.0,548.0,74.0,193.0,80.0,126.0,183.0,204.0,387.0,115.0,35.0,36.0,60.0,718.0
georgky01,Kyshawn George,2026,22,SF,WAS,WAS,48.0,48.0,1391.0,253.0,577.0,99.0,260.0,105.0,131.0,43.0,202.0,245.0,214.0,48.0,43.0,125.0,710.0
oubreke01,Kelly Oubre Jr.,2026,30,SF,PHI,PHI,50.0,41.0,1574.0,254.0,544.0,86.0,239.0,111.0,145.0,50.0,202.0,252.0,80.0,68.0,24.0,69.0,705.0
willima07,Mark Williams,2026,24,C,PHO,PHO,60.0,55.0,1416.0,282.0,438.0,1.0,1.0,135.0,175.0,185.0,292.0,477.0,58.0,55.0,55.0,65.0,700.0
wagnefr01,Franz Wagner,2026,24,SF,ORL,ORL,34.0,32.0,1019.0,244.0,507.0,48.0,139.0,163.0,198.0,43.0,134.0,177.0,113.0,32.0,11.0,58.0,699.0
huertke01,Kevin Huerter,2026,27,SF,DET,CHI/DET,69.0,14.0,1549.0,269.0,596.0,100.0,325.0,55.0,71.0,34.0,206.0,240.0,178.0,63.0,33.0,72.0,693.0
colliis01,Isaiah Collier,2026,21,PG,UTA,UTA,59.0,19.0,1517.0,255.0,515.0,27.0,100.0,151.0,209.0,21.0,129.0,150.0,423.0,66.0,20.0,148.0,688.0
jacksgg01,GG Jackson II,2026,21,PF,MEM,MEM,55.0,28.0,1178.0,255.0,514.0,64.0,193.0,112.0,151.0,49.0,186.0,235.0,81.0,31.0,44.0,85.0,686.0
herroty01,Tyler Herro,2026,26,SG,MIA,MIA,33.0,28.0,1033.0,247.0,515.0,84.0,222.0,99.0,108.0,14.0,144.0,158.0,136.0,23.0,12.0,64.0,677.0
zubaciv01,Ivica Zubac,2026,28,C,IND,LAC/IND,48.0,47.0,1446.0,288.0,482.0,0.0,0.0,101.0,142.0,162.0,347.0,509.0,105.0,18.0,40.0,86.0,677.0
laravja01,Jake LaRavia,2026,24,PF,LAL,LAL,82.0,43.0,2061.0,240.0,523.0,78.0,243.0,116.0,152.0,116.0,210.0,326.0,145.0,104.0,38.0,87.0,674.0
jenkida01,Daniss Jenkins,2026,24,PG,DET,DET,72.0,19.0,1455.0,232.0,568.0,73.0,195.0,134.0,161.0,51.0,115.0,166.0,278.0,64.0,15.0,115.0,671.0
merrisa01,Sam Merrill,2026,29,SG,CLE,CLE,52.0,38.0,1377.0,223.0,484.0,158.0,375.0,59.0,69.0,28.0,105.0,133.0,125.0,33.0,7.0,42.0,663.0
porteke02,Kevin Porter Jr.,2026,25,PG,MIL,MIL,38.0,36.0,1261.0,239.0,514.0,46.0,143.0,137.0,156.0,34.0,164.0,198.0,280.0,83.0,19.0,110.0,661.0
johnsca02,Cameron Johnson,2026,29,SF,DEN,DEN,54.0,54.0,1647.0,228.0,475.0,110.0,256.0,94.0,112.0,43.0,163.0,206.0,132.0,40.0,21.0,47.0,660.0
wallaca01,Cason Wallace,2026,22,SG,OKC,OKC,77.0,58.0,2046.0,252.0,584.0,101.0,288.0,55.0,68.0,63.0,175.0,238.0,200.0,150.0,28.0,73.0,660.0
coulibi01,Bilal Coulibaly,2026,21,SG,WAS,WAS,56.0,56.0,1468.0,230.0,541.0,65.0,204.0,132.0,177.0,48.0,195.0,243.0,145.0,75.0,54.0,81.0,657.0
mitchda01,Davion Mitchell,2026,27,PG,MIA,MIA,70.0,70.0,2000.0,261.0,533.0,90.0,228.0,42.0,65.0,32.0,154.0,186.0,453.0,68.0,11.0,108.0,654.0
kennalu01,Luke Kennard,2026,29,SG,LAL,ATL/LAL,78.0,6.0,1681.0,236.0,443.0,117.0,245.0,63.0,69.0,32.0,150.0,182.0,174.0,55.0,8.0,60.0,652.0
brownbr01,Bruce Brown,2026,29,SG,DEN,DEN,82.0,4.0,1998.0,248.0,522.0,57.0,148.0,96.0,126.0,85.0,233.0,318.0,174.0,85.0,20.0,91.0,649.0
cliffni01,Nique Clifford,2026,23,SG,SAC,SAC,75.0,28.0,1882.0,249.0,596.0,77.0,231.0,70.0,97.0,65.0,217.0,282.0,179.0,68.0,24.0,116.0,645.0
georgpa01,Paul George,2026,35,PF,PHI,PHI,37.0,37.0,1135.0,225.0,513.0,100.0,255.0,91.0,111.0,20.0,176.0,196.0,133.0,62.0,16.0,64.0,641.0
risacza01,Zaccharie Risacher,2026,20,SF,ATL,ATL,67.0,46.0,1503.0,244.0,536.0,95.0,258.0,58.0,90.0,71.0,186.0,257.0,76.0,59.0,36.0,58.0,641.0
hollaro01,Ron Holland,2026,20,SF,DET,DET,78.0,5.0,1551.0,235.0,544.0,50.0,198.0,120.0,149.0,83.0,232.0,315.0,95.0,92.0,27.0,96.0,640.0
middlkh01,Khris Middleton,2026,34,SF,DAL,WAS/DAL,63.0,50.0,1439.0,227.0,540.0,67.0,186.0,119.0,136.0,51.0,180.0,231.0,176.0,41.0,9.0,108.0,640.0
lopezbr01,Brook Lopez,2026,37,C,LAC,LAC,75.0,40.0,1635.0,232.0,542.0,114.0,317.0,56.0,74.0,47.0,226.0,273.0,97.0,45.0,87.0,61.0,634.0
easonta01,Tari Eason,2026,24,PF,HOU,HOU,60.0,34.0,1549.0,241.0,580.0,93.0,260.0,52.0,67.0,124.0,252.0,376.0,90.0,72.0,28.0,81.0,627.0
baglema01,Marvin Bagley III,2026,26,PF,DAL,WAS/DAL,60.0,12.0,1201.0,254.0,411.0,24.0,52.0,95.0,144.0,150.0,216.0,366.0,85.0,28.0,43.0,61.0,627.0
santogu01,Gui Santos,2026,23,PF,GSW,GSW,68.0,30.0,1395.0,230.0,460.0,78.0,222.0,87.0,120.0,75.0,191.0,266.0,159.0,61.0,22.0,102.0,625.0
clarkjo01,Jordan Clarkson,2026,33,SG,NYK,NYK,72.0,1.0,1279.0,237.0,526.0,70.0,214.0,78.0,94.0,62.0,65.0,127.0,96.0,30.0,9.0,63.0,622.0
nesmiaa01,Aaron Nesmith,2026,26,SF,IND,IND,45.0,42.0,1335.0,212.0,512.0,105.0,277.0,92.0,111.0,48.0,139.0,187.0,86.0,26.0,23.0,63.0,621.0
huntede01,De'Andre Hunter,2026,28,SF,SAC,CLE/SAC,45.0,25.0,1176.0,208.0,501.0,75.0,246.0,124.0,143.0,30.0,155.0,185.0,90.0,30.0,6.0,75.0,615.0
wiggiaa01,Aaron Wiggins,2026,27,SG,OKC,OKC,65.0,21.0,1414.0,231.0,536.0,96.0,270.0,53.0,72.0,41.0,158.0,199.0,109.0,60.0,28.0,81.0,611.0
goodwjo01,Jordan Goodwin,2026,27,PG,PHO,PHO,70.0,10.0,1572.0,229.0,555.0,112.0,302.0,39.0,56.0,138.0,203.0,341.0,151.0,106.0,14.0,68.0,609.0
hylanbo01,Bones Hyland,2026,25,PG,MIN,MIN,71.0,3.0,1177.0,212.0,468.0,116.0,299.0,64.0,82.0,23.0,104.0,127.0,188.0,44.0,17.0,70.0,604.0
aldamsa01,Santi Aldama,2026,25,PF,MEM,MEM,43.0,11.0,1198.0,228.0,476.0,70.0,200.0,76.0,114.0,67.0,220.0,287.0,126.0,37.0,31.0,55.0,602.0
meltode01,De'Anthony Melton,2026,27,PG,GSW,GSW,49.0,24.0,1125.0,215.0,528.0,72.0,245.0,100.0,121.0,39.0,119.0,158.0,125.0,77.0,20.0,91.0,602.0
millejo02,Jordan Miller,2026,26,SF,LAC,LAC,60.0,1.0,1325.0,212.0,399.0,38.0,110.0,136.0,175.0,50.0,132.0,182.0,136.0,45.0,11.0,63.0,598.0
champju01,Justin Champagnie,2026,24,SF,WAS,WAS,69.0,19.0,1377.0,232.0,462.0,53.0,166.0,80.0,102.0,145.0,239.0,384.0,84.0,59.0,43.0,45.0,597.0
fontesi01,Simone Fontecchio,2026,30,SF,MIA,MIA,70.0,9.0,1173.0,194.0,471.0,123.0,328.0,86.0,102.0,56.0,155.0,211.0,101.0,37.0,9.0,49.0,597.0
dunnkr01,Kris Dunn,2026,31,PG,LAC,LAC,82.0,68.0,2230.0,227.0,477.0,80.0,214.0,62.0,81.0,58.0,213.0,271.0,295.0,131.0,14.0,111.0,596.0
willico04,Cody Williams,2026,21,SG,UTA,UTA,67.0,41.0,1631.0,238.0,509.0,28.0,131.0,84.0,119.0,61.0,137.0,198.0,137.0,51.0,26.0,73.0,588.0
okorois01,Isaac Okoro,2026,25,SG,CHI,CHI,63.0,62.0,1695.0,211.0,459.0,73.0,221.0,89.0,112.0,69.0,104.0,173.0,100.0,46.0,29.0,46.0,584.0
gordoaa01,Aaron Gordon,2026,30,PF,DEN,DEN,36.0,33.0,1005.0,198.0,398.0,61.0,157.0,125.0,163.0,51.0,158.0,209.0,96.0,21.0,10.0,38.0,582.0
stewais01,Isaiah Stewart,2026,24,C,DET,DET,58.0,13.0,1317.0,221.0,402.0,40.0,120.0,99.0,131.0,96.0,194.0,290.0,66.0,16.0,93.0,67.0,581.0
smartma01,Marcus Smart,2026,31,SG,LAL,LAL,62.0,54.0,1769.0,188.0,476.0,97.0,293.0,106.0,129.0,36.0,136.0,172.0,185.0,87.0,23.0,92.0,579.0
dortlu01,Luguentz Dort,2026,26,SF,OKC,OKC,69.0,69.0,1849.0,202.0,524.0,128.0,372.0,44.0,58.0,56.0,189.0,245.0,85.0,62.0,27.0,54.0,576.0
diabamo01,Moussa Diabaté,2026,24,C,CHO,CHO,73.0,47.0,1899.0,229.0,363.0,1.0,2.0,116.0,176.0,273.0,362.0,635.0,141.0,56.0,72.0,73.0,575.0
willizi02,Ziaire Williams,2026,24,SF,BRK,BRK,56.0,13.0,1281.0,184.0,433.0,86.0,251.0,119.0,140.0,30.0,104.0,134.0,60.0,76.0,21.0,59.0,573.0
greendr01,Draymond Green,2026,35,PF,GSW,GSW,68.0,68.0,1869.0,205.0,491.0,101.0,310.0,59.0,84.0,55.0,320.0,375.0,376.0,61.0,42.0,181.0,570.0
greenja02,Javonte Green,2026,32,SG,DET,DET,82.0,6.0,1446.0,185.0,414.0,94.0,247.0,105.0,125.0,62.0,168.0,230.0,56.0,102.0,25.0,45.0,569.0
greenja05,Jalen Green,2026,23,SG,PHO,PHO,32.0,27.0,828.0,216.0,512.0,71.0,227.0,65.0,87.0,16.0,100.0,116.0,91.0,34.0,8.0,72.0,568.0
valanjo01,Jonas Valančiūnas,2026,33,C,DEN,DEN,65.0,6.0,871.0,227.0,390.0,8.0,26.0,105.0,136.0,105.0,224.0,329.0,78.0,14.0,37.0,73.0,567.0
thomaca02,Cam Thomas,2026,24,SG,MIL,BRK/MIL,42.0,8.0,881.0,189.0,461.0,52.0,168.0,137.0,169.0,11.0,60.0,71.0,108.0,9.0,4.0,74.0,567.0
willija06,Jalen Williams,2026,24,SG,OKC,OKC,33.0,33.0,936.0,216.0,446.0,23.0,77.0,108.0,129.0,27.0,125.0,152.0,181.0,39.0,9.0,63.0,563.0
mccaija01,Jared McCain,2026,21,SG,OKC,PHI/OKC,67.0,3.0,1160.0,204.0,480.0,99.0,257.0,51.0,59.0,23.0,114.0,137.0,90.0,35.0,5.0,56.0,558.0
garzalu01,Luka Garza,2026,27,C,BOS,BOS,69.0,6.0,1118.0,206.0,357.0,55.0,127.0,90.0,117.0,156.0,125.0,281.0,66.0,27.0,28.0,46.0,557.0
krejcvi01,Vít Krejčí,2026,25,PG,POR,ATL/POR,65.0,8.0,1392.0,192.0,429.0,128.0,328.0,38.0,51.0,31.0,117.0,148.0,100.0,47.0,18.0,41.0,550.0
paytoga02,Gary Payton II,2026,33,SG,GSW,GSW,73.0,1.0,1142.0,242.0,415.0,37.0,127.0,26.0,40.0,101.0,164.0,265.0,123.0,67.0,21.0,62.0,547.0
barlodo01,Dominick Barlow,2026,22,PF,PHI,PHI,71.0,59.0,1689.0,215.0,399.0,21.0,82.0,94.0,131.0,133.0,207.0,340.0,87.0,63.0,53.0,56.0,545.0
sheadja01,Jamal Shead,2026,23,PG,TOR,TOR,82.0,12.0,1852.0,185.0,504.0,84.0,262.0,91.0,116.0,26.0,117.0,143.0,444.0,76.0,15.0,112.0,545.0
smithja04,Jalen Smith,2026,25,C,CHI,CHI,53.0,21.0,1095.0,195.0,404.0,82.0,220.0,69.0,93.0,98.0,257.0,355.0,65.0,24.0,42.0,53.0,541.0
walteja01,Ja'Kobe Walter,2026,21,SG,TOR,TOR,72.0,19.0,1474.0,180.0,404.0,110.0,269.0,71.0,90.0,56.0,129.0,185.0,86.0,73.0,14.0,37.0,541.0
sharpda01,Day'Ron Sharpe,2026,24,C,BRK,BRK,62.0,7.0,1160.0,214.0,356.0,9.0,39.0,103.0,152.0,171.0,242.0,413.0,145.0,67.0,26.0,106.0,540.0
claytwa01,Walter Clayton,2026,22,PG,MEM,UTA/MEM,69.0,6.0,1410.0,177.0,461.0,75.0,244.0,109.0,121.0,25.0,114.0,139.0,279.0,44.0,19.0,116.0,538.0
demineg01,Egor Dëmin,2026,19,PG,BRK,BRK,52.0,45.0,1308.0,179.0,449.0,124.0,322.0,54.0,65.0,21.0,144.0,165.0,173.0,42.0,17.0,86.0,536.0
porzikr01,Kristaps Porziņģis,2026,30,C,GSW,ATL/GSW,32.0,23.0,769.0,173.0,388.0,54.0,160.0,133.0,158.0,40.0,127.0,167.0,81.0,18.0,38.0,41.0,533.0
kispeco01,Corey Kispert,2026,26,SF,ATL,WAS/ATL,58.0,10.0,1080.0,184.0,394.0,87.0,237.0,77.0,97.0,27.0,105.0,132.0,92.0,16.0,9.0,45.0,532.0
ighodos01,Oso Ighodaro,2026,23,PF,PHO,PHO,82.0,24.0,1808.0,239.0,366.0,0.0,1.0,53.0,117.0,138.0,280.0,418.0,185.0,73.0,57.0,101.0,531.0
prospol01,Olivier-Maxence Prosper,2026,23,PF,MEM,MEM,53.0,24.0,984.0,192.0,350.0,60.0,148.0,86.0,114.0,59.0,128.0,187.0,51.0,40.0,13.0,47.0,530.0
trentga02,Gary Trent Jr.,2026,27,SG,MIL,MIL,65.0,21.0,1377.0,183.0,473.0,123.0,342.0,40.0,52.0,8.0,59.0,67.0,79.0,34.0,3.0,41.0,529.0
braunch01,Christian Braun,2026,24,SG,DEN,DEN,44.0,44.0,1399.0,202.0,389.0,43.0,143.0,79.0,101.0,61.0,150.0,211.0,120.0,30.0,12.0,43.0,526.0
mccontj01,T.J. McConnell,2026,33,PG,IND,IND,56.0,4.0,963.0,242.0,450.0,16.0,50.0,25.0,29.0,22.0,102.0,124.0,287.0,56.0,10.0,64.0,525.0
gaffoda01,Daniel Gafford,2026,27,C,DAL,DAL,55.0,44.0,1195.0,207.0,316.0,0.0,0.0,110.0,161.0,138.0,240.0,378.0,58.0,42.0,69.0,63.0,524.0
poolejo01,Jordan Poole,2026,26,PG,NOP,NOP,39.0,8.0,933.0,165.0,444.0,96.0,288.0,98.0,114.0,9.0,68.0,77.0,119.0,22.0,15.0,69.0,524.0
hardyja02,Jaden Hardy,2026,23,SG,WAS,DAL/WAS,57.0,4.0,898.0,182.0,429.0,104.0,262.0,55.0,75.0,15.0,71.0,86.0,58.0,16.0,6.0,62.0,523.0
kalkbry01,Ryan Kalkbrenner,2026,24,C,CHO,CHO,69.0,31.0,1479.0,219.0,291.0,0.0,5.0,83.0,116.0,167.0,210.0,377.0,54.0,32.0,101.0,62.0,521.0
postqu01,Quinten Post,2026,25,PF,GSW,GSW,67.0,35.0,1159.0,193.0,439.0,93.0,277.0,34.0,43.0,68.0,201.0,269.0,94.0,26.0,35.0,56.0,513.0
alvarjo01,Jose Alvarado,2026,27,PG,NYK,NOP/NYK,69.0,3.0,1370.0,187.0,449.0,101.0,287.0,35.0,46.0,26.0,145.0,171.0,234.0,66.0,8.0,77.0,510.0
loveca01,Caleb Love,2026,24,SG,POR,POR,49.0,1.0,1013.0,190.0,490.0,93.0,292.0,36.0,49.0,25.0,89.0,114.0,123.0,27.0,4.0,62.0,509.0
wolfda01,Danny Wolf,2026,21,PF,BRK,BRK,57.0,15.0,1187.0,178.0,440.0,68.0,211.0,84.0,109.0,57.0,224.0,281.0,127.0,30.0,32.0,73.0,508.0
willipa01,Patrick Williams,2026,24,PF,CHI,CHI,72.0,6.0,1474.0,178.0,478.0,95.0,274.0,54.0,75.0,49.0,166.0,215.0,105.0,49.0,26.0,75.0,505.0
jonesde02,Derrick Jones Jr.,2026,28,SF,LAC,LAC,50.0,45.0,1350.0,189.0,379.0,55.0,153.0,71.0,93.0,61.0,112.0,173.0,69.0,45.0,50.0,40.0,504.0
reedpa01,Paul Reed,2026,26,C,DET,DET,65.0,11.0,901.0,209.0,339.0,13.0,40.0,73.0,110.0,130.0,164.0,294.0,80.0,57.0,60.0,58.0,504.0
traorno01,Nolan Traoré,2026,19,PG,BRK,BRK,56.0,31.0,1243.0,182.0,479.0,61.0,192.0,74.0,94.0,14.0,85.0,99.0,213.0,45.0,23.0,129.0,499.0
hayesja02,Jaxson Hayes,2026,25,C,LAL,LAL,66.0,9.0,1207.0,198.0,262.0,3.0,3.0,98.0,150.0,99.0,172.0,271.0,59.0,29.0,52.0,31.0,497.0
joneshe01,Herbert Jones,2026,27,SF,NOP,NOP,56.0,56.0,1588.0,183.0,478.0,80.0,259.0,50.0,62.0,47.0,143.0,190.0,155.0,88.0,27.0,73.0,496.0
sandeko01,Kobe Sanders,2026,23,SG,LAC,LAC,68.0,16.0,1351.0,179.0,384.0,80.0,196.0,57.0,69.0,29.0,124.0,153.0,109.0,49.0,10.0,81.0,495.0
poeltja01,Jakob Poeltl,2026,30,C,TOR,TOR,46.0,44.0,1149.0,217.0,310.0,0.0,0.0,59.0,98.0,114.0,209.0,323.0,93.0,40.0,32.0,57.0,493.0
mcbrimi01,Miles McBride,2026,25,SG,NYK,NYK,41.0,15.0,1080.0,171.0,404.0,112.0,271.0,37.0,47.0,24.0,76.0,100.0,106.0,35.0,9.0,33.0,491.0
murraco01,Collin Murray-Boyles,2026,20,PF,TOR,TOR,57.0,22.0,1246.0,198.0,342.0,17.0,50.0,71.0,108.0,133.0,152.0,285.0,106.0,52.0,53.0,59.0,484.0
elliske01,Keon Ellis,2026,26,SG,CLE,SAC/CLE,72.0,11.0,1478.0,169.0,384.0,91.0,251.0,51.0,70.0,38.0,97.0,135.0,72.0,83.0,46.0,41.0,480.0
spencpa01,Pat Spencer,2026,29,PG,GSW,GSW,66.0,14.0,1229.0,186.0,436.0,60.0,168.0,44.0,57.0,51.0,107.0,158.0,232.0,48.0,5.0,85.0,476.0
shamela01,Landry Shamet,2026,28,SG,NYK,NYK,51.0,12.0,1171.0,159.0,364.0,103.0,263.0,54.0,76.0,23.0,69.0,92.0,72.0,31.0,9.0,30.0,475.0
mykhasv01,Svi Mykhailiuk,2026,28,SF,UTA,UTA,50.0,41.0,1156.0,173.0,362.0,98.0,240.0,25.0,28.0,36.0,88.0,124.0,93.0,26.0,3.0,42.0,469.0
willija07,Jaylin Williams,2026,23,PF,OKC,OKC,65.0,11.0,1277.0,149.0,352.0,98.0,256.0,73.0,92.0,32.0,326.0,358.0,158.0,31.0,42.0,67.0,469.0
sheppbe01,Ben Sheppard,2026,24,SG,IND,IND,65.0,20.0,1390.0,168.0,387.0,84.0,232.0,39.0,51.0,43.0,152.0,195.0,114.0,39.0,6.0,41.0,459.0
pottemi01,Micah Potter,2026,27,C,IND,IND,47.0,7.0,908.0,151.0,293.0,71.0,168.0,85.0,101.0,58.0,175.0,233.0,69.0,22.0,15.0,47.0,458.0
dickgr01,Gradey Dick,2026,22,SG,TOR,TOR,76.0,1.0,1067.0,161.0,384.0,56.0,186.0,77.0,88.0,42.0,105.0,147.0,51.0,45.0,7.0,43.0,455.0
mannte01,Terance Mann,2026,29,SG,BRK,BRK,63.0,51.0,1529.0,168.0,368.0,56.0,154.0,63.0,80.0,70.0,130.0,200.0,190.0,41.0,15.0,71.0,455.0
jacksqu01,Quenton Jackson,2026,27,PG,IND,IND,49.0,19.0,897.0,154.0,328.0,42.0,118.0,98.0,119.0,28.0,86.0,114.0,140.0,31.0,6.0,62.0,448.0
nurkiju01,Jusuf Nurkić,2026,31,C,UTA,UTA,41.0,36.0,1083.0,180.0,358.0,25.0,71.0,62.0,113.0,106.0,319.0,425.0,196.0,52.0,22.0,101.0,447.0
kornelu01,Luke Kornet,2026,30,C,SAS,SAS,68.0,25.0,1430.0,175.0,272.0,0.0,0.0,94.0,114.0,181.0,233.0,414.0,126.0,32.0,65.0,28.0,444.0
leverca01,Caris LeVert,2026,31,SG,DET,DET,60.0,0.0,1154.0,163.0,391.0,60.0,180.0,57.0,84.0,23.0,94.0,117.0,159.0,51.0,41.0,82.0,443.0
jamessi01,Sion James,2026,23,SG,CHO,CHO,82.0,19.0,1843.0,138.0,372.0,83.0,236.0,82.0,98.0,49.0,238.0,287.0,163.0,52.0,20.0,65.0,441.0
richawi02,Will Richard,2026,23,SG,GSW,GSW,69.0,21.0,1377.0,162.0,346.0,71.0,212.0,46.0,54.0,67.0,105.0,172.0,93.0,80.0,9.0,53.0,441.0
vukcetr01,Tristan Vukcevic,2026,22,C,WAS,WAS,49.0,12.0,671.0,152.0,317.0,50.0,144.0,87.0,111.0,32.0,115.0,147.0,55.0,23.0,33.0,62.0,441.0
hendrta01,Taylor Hendricks,2026,22,PF,MEM,UTA/MEM,59.0,17.0,1118.0,163.0,355.0,63.0,184.0,49.0,72.0,65.0,156.0,221.0,55.0,50.0,30.0,50.0,438.0
kuminjo01,Jonathan Kuminga,2026,23,PF,ATL,GSW/ATL,36.0,14.0,830.0,157.0,339.0,35.0,105.0,89.0,123.0,49.0,153.0,202.0,83.0,22.0,11.0,67.0,438.0
harteis01,Isaiah Hartenstein,2026,27,C,OKC,OKC,47.0,46.0,1137.0,184.0,296.0,0.0,7.0,64.0,105.0,149.0,294.0,443.0,166.0,48.0,36.0,82.0,432.0
diengou01,Ousmane Dieng,2026,22,C,MIL,OKC/MIL,57.0,20.0,1099.0,168.0,398.0,63.0,185.0,32.0,45.0,29.0,151.0,180.0,136.0,25.0,17.0,75.0,431.0
caldwke01,Kentavious Caldwell-Pope,2026,32,SG,MEM,MEM,51.0,14.0,1088.0,150.0,366.0,55.0,174.0,73.0,80.0,20.0,105.0,125.0,139.0,43.0,8.0,61.0,428.0
hendesc01,Scoot Henderson,2026,21,PG,POR,POR,30.0,10.0,748.0,143.0,342.0,57.0,162.0,84.0,100.0,18.0,62.0,80.0,112.0,27.0,9.0,73.0,427.0
scheiba01,Baylor Scheierman,2026,25,SG,BOS,BOS,77.0,20.0,1429.0,151.0,333.0,97.0,243.0,28.0,31.0,57.0,212.0,269.0,116.0,42.0,6.0,46.0,427.0
strawju01,Julian Strawther,2026,23,SG,DEN,DEN,57.0,14.0,861.0,149.0,319.0,58.0,150.0,57.0,70.0,12.0,102.0,114.0,61.0,25.0,6.0,36.0,413.0
dilliro01,Rob Dillingham,2026,21,PG,CHI,MIN/CHI,65.0,0.0,970.0,163.0,412.0,42.0,133.0,41.0,55.0,19.0,112.0,131.0,143.0,47.0,6.0,100.0,409.0
poweldr01,Drake Powell,2026,20,SG,BRK,BRK,63.0,24.0,1320.0,144.0,358.0,51.0,182.0,69.0,77.0,21.0,90.0,111.0,91.0,36.0,14.0,60.0,408.0
davisan02,Anthony Davis,2026,32,PF,DAL,DAL,20.0,20.0,626.0,169.0,334.0,10.0,37.0,59.0,81.0,62.0,159.0,221.0,56.0,22.0,33.0,41.0,407.0
dunnry01,Ryan Dunn,2026,23,SF,PHO,PHO,70.0,16.0,1355.0,164.0,362.0,56.0,169.0,23.0,47.0,99.0,198.0,297.0,102.0,60.0,29.0,56.0,407.0
drumman01,Andre Drummond,2026,32,C,PHI,PHI,63.0,25.0,1231.0,159.0,337.0,32.0,90.0,53.0,84.0,200.0,332.0,532.0,80.0,38.0,49.0,61.0,403.0
nembhry01,Ryan Nembhard,2026,22,PG,DAL,DAL,60.0,27.0,1171.0,162.0,390.0,48.0,135.0,25.0,31.0,13.0,120.0,133.0,316.0,25.0,2.0,85.0,397.0
williro04,Robert Williams,2026,28,C,POR,POR,59.0,1.0,1008.0,177.0,250.0,9.0,23.0,34.0,57.0,141.0,274.0,415.0,60.0,35.0,87.0,49.0,397.0
smallja01,Javon Small,2026,23,PG,MEM,MEM,41.0,12.0,830.0,134.0,288.0,60.0,142.0,68.0,82.0,36.0,92.0,128.0,151.0,34.0,9.0,56.0,396.0
smithdr01,Dru Smith,2026,28,SG,MIA,MIA,70.0,1.0,1141.0,135.0,325.0,38.0,129.0,87.0,105.0,62.0,111.0,173.0,180.0,100.0,21.0,55.0,395.0
hieldbu01,Buddy Hield,2026,33,SG,ATL,GSW/ATL,51.0,3.0,819.0,143.0,327.0,74.0,212.0,30.0,37.0,27.0,89.0,116.0,71.0,39.0,9.0,48.0,390.0
moranja01,Ja Morant,2026,26,PG,MEM,MEM,20.0,20.0,569.0,132.0,322.0,20.0,85.0,105.0,117.0,8.0,57.0,65.0,161.0,20.0,6.0,71.0,389.0
edwarju01,Justin Edwards,2026,22,SF,PHI,PHI,64.0,12.0,977.0,143.0,320.0,67.0,180.0,33.0,39.0,26.0,68.0,94.0,80.0,54.0,11.0,36.0,386.0
cissosi01,Sidy Cissoko,2026,21,SF,POR,POR,75.0,26.0,1435.0,133.0,334.0,59.0,198.0,58.0,88.0,62.0,104.0,166.0,110.0,52.0,25.0,70.0,383.0
missiyv01,Yves Missi,2026,21,C,NOP,NOP,66.0,14.0,1297.0,160.0,294.0,0.0,1.0,57.0,102.0,183.0,202.0,385.0,84.0,20.0,101.0,54.0,377.0
bitadgo01,Goga Bitadze,2026,26,C,ORL,ORL,64.0,3.0,972.0,152.0,225.0,2.0,11.0,69.0,97.0,137.0,183.0,320.0,84.0,37.0,61.0,43.0,375.0
tomlina01,Nae'Qwan Tomlin,2026,25,PF,CLE,CLE,64.0,3.0,1004.0,150.0,314.0,27.0,115.0,47.0,61.0,86.0,100.0,186.0,53.0,41.0,34.0,29.0,374.0
yabusgu01,Guerschon Yabusele,2026,30,C,CHI,NYK/CHI,67.0,19.0,1007.0,125.0,312.0,69.0,196.0,54.0,72.0,56.0,178.0,234.0,63.0,26.0,16.0,41.0,373.0
horfoal01,Al Horford,2026,39,C,GSW,GSW,45.0,13.0,969.0,138.0,324.0,74.0,205.0,22.0,26.0,44.0,175.0,219.0,116.0,30.0,51.0,42.0,372.0
bryanth01,Thomas Bryant,2026,28,C,CLE,CLE,60.0,1.0,732.0,135.0,267.0,47.0,131.0,53.0,66.0,59.0,146.0,205.0,33.0,18.0,26.0,28.0,370.0
jacksis01,Isaiah Jackson,2026,24,C,LAC,IND/LAC,55.0,14.0,908.0,151.0,237.0,0.0,3.0,68.0,105.0,113.0,177.0,290.0,52.0,36.0,49.0,58.0,370.0
watkija01,Jamir Watkins,2026,24,SG,WAS,WAS,50.0,7.0,1032.0,132.0,296.0,47.0,158.0,57.0,82.0,49.0,145.0,194.0,67.0,54.0,25.0,40.0,368.0
walshjo01,Jordan Walsh,2026,21,PF,BOS,BOS,68.0,25.0,1212.0,136.0,267.0,48.0,125.0,44.0,57.0,85.0,187.0,272.0,54.0,49.0,31.0,35.0,364.0
minotjo01,Josh Minott,2026,23,PF,BRK,BOS/BRK,49.0,11.0,834.0,126.0,252.0,64.0,153.0,48.0,61.0,48.0,110.0,158.0,46.0,44.0,24.0,43.0,364.0
willike04,Kenrich Williams,2026,31,PF,OKC,OKC,56.0,2.0,855.0,140.0,296.0,50.0,129.0,33.0,52.0,59.0,128.0,187.0,79.0,31.0,5.0,43.0,363.0
millele01,Leonard Miller,2026,22,SF,CHI,MIN/CHI,46.0,12.0,719.0,145.0,262.0,32.0,99.0,39.0,53.0,54.0,127.0,181.0,40.0,17.0,15.0,36.0,361.0
okogijo01,Josh Okogie,2026,27,SG,HOU,HOU,78.0,32.0,1354.0,125.0,294.0,62.0,161.0,41.0,69.0,81.0,119.0,200.0,69.0,63.0,16.0,41.0,353.0
brownko01,Kobe Brown,2026,26,PF,IND,LAC/IND,61.0,10.0,963.0,127.0,271.0,52.0,139.0,47.0,59.0,68.0,117.0,185.0,80.0,23.0,12.0,53.0,353.0
jonessp01,Spencer Jones,2026,24,SF,DEN,DEN,64.0,37.0,1417.0,132.0,262.0,57.0,144.0,31.0,51.0,75.0,134.0,209.0,51.0,52.0,29.0,31.0,352.0
matkoka01,Karlo Matković,2026,24,PF,NOP,NOP,62.0,2.0,912.0,142.0,235.0,38.0,90.0,30.0,41.0,72.0,157.0,229.0,50.0,25.0,54.0,34.0,352.0
carusal01,Alex Caruso,2026,31,SG,OKC,OKC,56.0,0.0,1020.0,127.0,300.0,53.0,181.0,41.0,51.0,28.0,127.0,155.0,110.0,72.0,17.0,48.0,348.0
tatumja01,Jayson Tatum,2026,27,PF,BOS,BOS,16.0,16.0,522.0,118.0,287.0,47.0,143.0,65.0,79.0,8.0,152.0,160.0,85.0,22.0,3.0,39.0,348.0
watfotr01,Trendon Watford,2026,25,PF,PHI,PHI,53.0,7.0,864.0,138.0,268.0,10.0,50.0,60.0,77.0,38.0,137.0,175.0,132.0,16.0,22.0,64.0,346.0
bonaad01,Adem Bona,2026,22,C,PHI,PHI,71.0,18.0,1234.0,131.0,220.0,2.0,6.0,80.0,113.0,128.0,179.0,307.0,32.0,30.0,82.0,56.0,344.0
jovicni01,Nikola Jović,2026,22,PF,MIA,MIA,47.0,1.0,808.0,115.0,314.0,45.0,167.0,69.0,101.0,25.0,128.0,153.0,102.0,26.0,17.0,65.0,344.0
plowdda01,Daeqwon Plowden,2026,27,SG,SAC,SAC,32.0,7.0,844.0,120.0,279.0,62.0,186.0,42.0,49.0,33.0,64.0,97.0,41.0,23.0,7.0,26.0,344.0
wilsoja03,Jalen Wilson,2026,25,PF,BRK,BRK,54.0,2.0,859.0,110.0,278.0,54.0,152.0,69.0,96.0,17.0,97.0,114.0,50.0,22.0,2.0,38.0,343.0
gueyemo02,Mouhamed Gueye,2026,23,PF,ATL,ATL,77.0,8.0,1179.0,131.0,290.0,40.0,130.0,40.0,62.0,89.0,186.0,275.0,69.0,61.0,39.0,33.0,342.0
wadede01,Dean Wade,2026,29,PF,CLE,CLE,59.0,38.0,1318.0,122.0,278.0,71.0,196.0,27.0,38.0,53.0,194.0,247.0,88.0,44.0,23.0,16.0,342.0
mcgowbr01,Bryce McGowens,2026,23,SG,NOP,NOP,42.0,13.0,880.0,114.0,237.0,38.0,93.0,74.0,95.0,12.0,76.0,88.0,62.0,27.0,8.0,17.0,340.0
robinmi01,Mitchell Robinson,2026,27,C,NYK,NYK,60.0,16.0,1175.0,149.0,206.0,0.0,0.0,42.0,103.0,252.0,273.0,525.0,52.0,56.0,70.0,41.0,340.0
cartede02,Devin Carter,2026,23,PG,SAC,SAC,38.0,12.0,700.0,121.0,292.0,30.0,114.0,67.0,94.0,36.0,89.0,125.0,101.0,34.0,9.0,54.0,339.0
carteje01,Jevon Carter,2026,30,PG,ORL,CHI/ORL,53.0,1.0,867.0,123.0,307.0,78.0,215.0,15.0,19.0,14.0,75.0,89.0,87.0,40.0,10.0,36.0,339.0
simsje01,Jericho Sims,2026,27,C,MIL,MIL,67.0,19.0,1318.0,145.0,185.0,0.0,0.0,44.0,71.0,147.0,223.0,370.0,104.0,19.0,17.0,75.0,334.0
coopesh01,Sharife Cooper,2026,24,PG,WAS,WAS,41.0,1.0,700.0,127.0,247.0,29.0,76.0,50.0,60.0,18.0,68.0,86.0,124.0,16.0,5.0,61.0,333.0
sarafbe01,Ben Saraf,2026,19,SG,BRK,BRK,44.0,11.0,916.0,120.0,303.0,19.0,90.0,73.0,88.0,20.0,72.0,92.0,145.0,38.0,8.0,99.0,332.0
ruperra01,Rayan Rupert,2026,21,SG,MEM,POR/MEM,64.0,8.0,1072.0,123.0,313.0,44.0,136.0,42.0,54.0,48.0,140.0,188.0,68.0,55.0,9.0,55.0,332.0
murrakr01,Kris Murray,2026,25,SF,POR,POR,57.0,15.0,1333.0,129.0,276.0,34.0,122.0,39.0,57.0,90.0,116.0,206.0,81.0,51.0,22.0,47.0,331.0
jakucka01,Kasparas Jakučionis,2026,19,PG,MIA,MIA,53.0,12.0,945.0,102.0,238.0,66.0,156.0,58.0,66.0,43.0,95.0,138.0,137.0,33.0,7.0,50.0,328.0
gillan01,Anthony Gill,2026,33,PF,WAS,WAS,55.0,8.0,951.0,135.0,215.0,17.0,48.0,34.0,46.0,58.0,100.0,158.0,69.0,31.0,21.0,36.0,321.0
murrake02,Keegan Murray,2026,25,PF,SAC,SAC,23.0,22.0,793.0,126.0,300.0,31.0,112.0,38.0,49.0,33.0,99.0,132.0,38.0,24.0,36.0,27.0,321.0
iveyja01,Jaden Ivey,2026,23,SG,CHI,DET/CHI,37.0,5.0,670.0,114.0,256.0,50.0,134.0,38.0,47.0,24.0,67.0,91.0,68.0,23.0,14.0,41.0,316.0
agbajoc01,Ochai Agbaji,2026,25,SG,BRK,TOR/BRK,62.0,13.0,973.0,122.0,280.0,34.0,128.0,36.0,43.0,46.0,95.0,141.0,47.0,24.0,17.0,31.0,314.0
holidaa01,Aaron Holiday,2026,29,PG,HOU,HOU,57.0,1.0,781.0,105.0,252.0,67.0,170.0,35.0,41.0,13.0,45.0,58.0,60.0,27.0,5.0,38.0,312.0
howarje01,Jett Howard,2026,22,SF,ORL,ORL,55.0,0.0,695.0,105.0,251.0,54.0,145.0,37.0,39.0,23.0,64.0,87.0,45.0,10.0,11.0,15.0,301.0
sabondo01,Domantas Sabonis,2026,29,C,SAC,SAC,19.0,15.0,564.0,120.0,221.0,5.0,27.0,56.0,77.0,64.0,152.0,216.0,78.0,18.0,4.0,51.0,301.0
willivi01,Vince Williams Jr.,2026,25,SG,UTA,MEM/UTA,40.0,12.0,820.0,103.0,292.0,55.0,177.0,39.0,50.0,39.0,116.0,155.0,166.0,29.0,16.0,70.0,300.0
bryanca01,Carter Bryant,2026,20,PF,SAS,SAS,71.0,0.0,818.0,108.0,265.0,52.0,155.0,30.0,42.0,38.0,140.0,178.0,47.0,16.0,23.0,33.0,298.0
jeromty01,Ty Jerome,2026,28,SG,MEM,MEM,15.0,15.0,339.0,102.0,215.0,42.0,100.0,49.0,56.0,11.0,31.0,42.0,85.0,16.0,4.0,27.0,295.0
batumni01,Nicolas Batum,2026,37,PF,LAC,LAC,74.0,6.0,1295.0,96.0,238.0,92.0,228.0,9.0,11.0,23.0,161.0,184.0,64.0,47.0,23.0,37.0,293.0
manntr01,Tre Mann,2026,24,PG,CHO,CHO,53.0,1.0,669.0,109.0,303.0,50.0,155.0,23.0,27.0,20.0,72.0,92.0,86.0,25.0,5.0,54.0,291.0
martity01,Tyrese Martin,2026,26,SG,PHI,BRK/PHI,46.0,6.0,777.0,109.0,277.0,53.0,165.0,19.0,28.0,34.0,82.0,116.0,78.0,25.0,6.0,40.0,290.0
gonzahu01,Hugo González,2026,19,SF,BOS,BOS,74.0,3.0,1084.0,117.0,246.0,42.0,116.0,13.0,26.0,62.0,184.0,246.0,40.0,42.0,21.0,38.0,289.0
portecr01,Craig Porter Jr.,2026,25,PG,CLE,CLE,64.0,3.0,1148.0,116.0,258.0,33.0,93.0,24.0,40.0,85.0,135.0,220.0,205.0,57.0,38.0,59.0,289.0
vandeja01,Jarred Vanderbilt,2026,26,PF,LAL,LAL,65.0,3.0,1128.0,113.0,240.0,29.0,99.0,33.0,56.0,80.0,212.0,292.0,84.0,55.0,19.0,56.0,288.0
capelca01,Clint Capela,2026,31,C,HOU,HOU,75.0,3.0,926.0,118.0,227.0,1.0,2.0,45.0,78.0,160.0,185.0,345.0,50.0,36.0,63.0,41.0,282.0
toppiob01,Obi Toppin,2026,27,PF,IND,IND,24.0,3.0,424.0,100.0,199.0,37.0,105.0,42.0,46.0,13.0,93.0,106.0,55.0,12.0,1.0,28.0,279.0
walkeja01,Jabari Walker,2026,23,PF,PHI,PHI,64.0,6.0,762.0,97.0,213.0,32.0,95.0,50.0,68.0,72.0,120.0,192.0,34.0,23.0,13.0,27.0,276.0
richani01,Nick Richards,2026,28,C,CHI,PHO/CHI,48.0,6.0,701.0,103.0,201.0,5.0,18.0,65.0,101.0,77.0,166.0,243.0,16.0,10.0,32.0,59.0,276.0
clarkja02,Jaylen Clark,2026,24,SG,MIN,MIN,68.0,1.0,888.0,99.0,228.0,33.0,101.0,44.0,67.0,54.0,66.0,120.0,43.0,47.0,9.0,23.0,275.0
kolekty01,Tyler Kolek,2026,24,PG,NYK,NYK,62.0,1.0,727.0,108.0,248.0,44.0,114.0,14.0,20.0,16.0,82.0,98.0,170.0,22.0,4.0,55.0,274.0
proctty01,Tyrese Proctor,2026,21,PG,CLE,CLE,50.0,1.0,545.0,93.0,225.0,46.0,131.0,40.0,45.0,11.0,53.0,64.0,74.0,25.0,0.0,40.0,272.0
youngtr01,Trae Young,2026,27,PG,WAS,ATL/WAS,15.0,15.0,384.0,81.0,177.0,27.0,80.0,80.0,97.0,4.0,26.0,30.0,120.0,13.0,2.0,39.0,269.0
anderky01,Kyle Anderson,2026,32,SF,MIN,UTA/MEM/MIN,43.0,5.0,853.0,107.0,202.0,4.0,11.0,48.0,68.0,42.0,108.0,150.0,126.0,45.0,26.0,39.0,266.0
russeda01,D'Angelo Russell,2026,29,PG,DAL,DAL,26.0,3.0,495.0,94.0,232.0,33.0,112.0,43.0,60.0,8.0,53.0,61.0,104.0,12.0,2.0,49.0,264.0
bouyeja01,Jamaree Bouyea,2026,26,PG,PHO,PHO,46.0,1.0,644.0,108.0,236.0,23.0,78.0,24.0,35.0,18.0,64.0,82.0,82.0,29.0,16.0,30.0,263.0
peavymi01,Micah Peavy,2026,24,SG,NOP,NOP,61.0,4.0,913.0,106.0,275.0,28.0,108.0,22.0,29.0,46.0,71.0,117.0,61.0,43.0,9.0,20.0,262.0
pickeja02,Jalen Pickett,2026,26,SG,DEN,DEN,50.0,18.0,807.0,98.0,232.0,49.0,127.0,15.0,19.0,18.0,96.0,114.0,115.0,13.0,5.0,34.0,260.0
hawkijo01,Jordan Hawkins,2026,23,SG,NOP,NOP,51.0,1.0,692.0,94.0,257.0,47.0,135.0,23.0,27.0,20.0,68.0,88.0,42.0,13.0,10.0,34.0,258.0
nancepe01,Pete Nance,2026,25,PF,MIL,MIL,47.0,6.0,737.0,100.0,194.0,50.0,119.0,4.0,11.0,27.0,98.0,125.0,48.0,14.0,14.0,26.0,254.0
willigr01,Grant Williams,2026,27,PF,CHO,CHO,36.0,3.0,711.0,78.0,183.0,52.0,134.0,44.0,54.0,46.0,96.0,142.0,56.0,17.0,18.0,31.0,252.0
greenjo02,Josh Green,2026,25,SG,CHO,CHO,58.0,0.0,908.0,83.0,181.0,58.0,138.0,25.0,28.0,45.0,57.0,102.0,47.0,35.0,6.0,35.0,249.0
loveke01,Kevin Love,2026,37,PF,UTA,UTA,37.0,5.0,613.0,79.0,199.0,53.0,142.0,37.0,44.0,55.0,160.0,215.0,67.0,14.0,9.0,30.0,248.0
konchjo01,John Konchar,2026,29,SG,UTA,MEM/UTA,56.0,8.0,1115.0,94.0,199.0,28.0,99.0,32.0,44.0,74.0,166.0,240.0,118.0,83.0,38.0,35.0,248.0
wagnemo01,Moritz Wagner,2026,28,C,ORL,ORL,36.0,0.0,427.0,83.0,195.0,22.0,70.0,59.0,72.0,27.0,88.0,115.0,27.0,15.0,2.0,19.0,247.0
diawamo01,Mohamed Diawara,2026,20,SF,NYK,NYK,69.0,7.0,634.0,90.0,213.0,48.0,130.0,18.0,24.0,15.0,79.0,94.0,53.0,17.0,6.0,30.0,246.0
conlemi01,Mike Conley,2026,38,PG,MIN,MIN,54.0,15.0,991.0,72.0,215.0,56.0,166.0,45.0,50.0,18.0,75.0,93.0,157.0,35.0,14.0,34.0,245.0
carlsbr01,Branden Carlson,2026,26,C,OKC,OKC,42.0,4.0,488.0,98.0,186.0,31.0,86.0,15.0,26.0,29.0,95.0,124.0,29.0,8.0,27.0,16.0,242.0
shannte01,Terrence Shannon Jr.,2026,25,SG,MIN,MIN,43.0,2.0,538.0,77.0,171.0,31.0,76.0,56.0,70.0,10.0,39.0,49.0,38.0,14.0,1.0,24.0,241.0
princta02,Taurean Prince,2026,31,SF,MIL,MIL,26.0,7.0,611.0,86.0,191.0,61.0,140.0,6.0,6.0,4.0,77.0,81.0,46.0,16.0,6.0,31.0,239.0
richaja02,Jase Richardson,2026,20,SG,ORL,ORL,54.0,0.0,587.0,89.0,188.0,28.0,79.0,33.0,46.0,21.0,42.0,63.0,58.0,19.0,2.0,25.0,239.0
cardwdy01,Dylan Cardwell,2026,24,C,SAC,SAC,44.0,1.0,907.0,105.0,179.0,2.0,4.0,26.0,51.0,147.0,185.0,332.0,62.0,30.0,67.0,39.0,238.0
flemira01,Rasheer Fleming,2026,21,PF,PHO,PHO,55.0,1.0,673.0,87.0,215.0,45.0,130.0,19.0,34.0,57.0,67.0,124.0,16.0,22.0,21.0,29.0,238.0
anthoco01,Cole Anthony,2026,25,PG,MIL,MIL,35.0,0.0,527.0,98.0,231.0,22.0,72.0,16.0,26.0,16.0,71.0,87.0,121.0,20.0,11.0,65.0,234.0
murrade01,Dejounte Murray,2026,29,PG,NOP,NOP,14.0,14.0,389.0,88.0,182.0,19.0,62.0,39.0,45.0,4.0,71.0,75.0,89.0,23.0,3.0,47.0,234.0
vincega01,Gabe Vincent,2026,29,PG,ATL,LAL/ATL,53.0,7.0,879.0,76.0,216.0,59.0,173.0,20.0,23.0,17.0,37.0,54.0,76.0,27.0,3.0,27.0,231.0
knechda01,Dalton Knecht,2026,24,SF,LAL,LAL,54.0,1.0,553.0,87.0,191.0,38.0,111.0,16.0,22.0,14.0,61.0,75.0,21.0,11.0,11.0,23.0,228.0
martica02,Caleb Martin,2026,30,SF,DAL,DAL,58.0,12.0,856.0,85.0,189.0,20.0,57.0,37.0,61.0,28.0,115.0,143.0,81.0,40.0,15.0,40.0,227.0
newelas01,Asa Newell,2026,20,PF,ATL,ATL,44.0,2.0,500.0,91.0,169.0,29.0,75.0,16.0,29.0,44.0,52.0,96.0,26.0,16.0,15.0,23.0,227.0
pendano01,Noah Penda,2026,21,SF,ORL,ORL,59.0,2.0,757.0,82.0,203.0,30.0,93.0,33.0,48.0,67.0,120.0,187.0,70.0,30.0,18.0,42.0,227.0
thompet01,Ethan Thompson,2026,26,SG,IND,IND,32.0,13.0,653.0,74.0,196.0,38.0,116.0,37.0,47.0,17.0,52.0,69.0,57.0,20.0,9.0,25.0,223.0
salauti01,Tidjane Salaün,2026,20,PF,CHO,CHO,37.0,0.0,575.0,80.0,159.0,36.0,83.0,26.0,40.0,26.0,123.0,149.0,27.0,16.0,7.0,26.0,222.0
eubandr01,Drew Eubanks,2026,28,C,SAC,SAC,42.0,11.0,552.0,93.0,156.0,1.0,7.0,32.0,57.0,39.0,88.0,127.0,19.0,15.0,26.0,30.0,219.0
cainja01,Jamal Cain,2026,26,SF,ORL,ORL,40.0,1.0,486.0,74.0,152.0,28.0,73.0,39.0,46.0,28.0,50.0,78.0,29.0,11.0,4.0,19.0,215.0
tshieos01,Oscar Tshiebwe,2026,26,C,UTA,UTA,27.0,6.0,448.0,92.0,145.0,0.0,0.0,27.0,49.0,77.0,102.0,179.0,32.0,16.0,5.0,21.0,211.0
poweldw01,Dwight Powell,2026,34,C,DAL,DAL,63.0,12.0,904.0,65.0,101.0,2.0,7.0,78.0,112.0,96.0,161.0,257.0,68.0,34.0,21.0,41.0,210.0
jonesty01,Tyus Jones,2026,29,PG,DEN,ORL/DAL/DEN,67.0,12.0,979.0,76.0,218.0,40.0,137.0,7.0,9.0,12.0,64.0,76.0,159.0,37.0,3.0,25.0,199.0
sassema01,Marcus Sasser,2026,25,PG,DET,DET,38.0,5.0,457.0,69.0,177.0,44.0,106.0,15.0,18.0,7.0,32.0,39.0,75.0,20.0,4.0,31.0,197.0
whitmca01,Cam Whitmore,2026,21,SF,WAS,WAS,21.0,0.0,354.0,77.0,169.0,16.0,56.0,23.0,31.0,19.0,39.0,58.0,15.0,15.0,8.0,18.0,193.0
battlja01,Jamison Battle,2026,24,SF,TOR,TOR,61.0,2.0,517.0,74.0,145.0,35.0,85.0,9.0,14.0,20.0,69.0,89.0,24.0,7.0,3.0,19.0,192.0
mashaja01,Jahmai Mashack,2026,23,SG,MEM,MEM,31.0,7.0,673.0,77.0,195.0,19.0,75.0,19.0,35.0,23.0,58.0,81.0,69.0,37.0,14.0,49.0,192.0
nnajize01,Zeke Nnaji,2026,25,PF,DEN,DEN,52.0,4.0,626.0,71.0,151.0,14.0,54.0,34.0,44.0,33.0,103.0,136.0,29.0,17.0,24.0,27.0,190.0
etienty01,Tyson Etienne,2026,26,PG,BRK,BRK,24.0,2.0,380.0,58.0,145.0,43.0,108.0,30.0,36.0,5.0,22.0,27.0,40.0,11.0,0.0,16.0,189.0
adamsst01,Steven Adams,2026,32,C,HOU,HOU,32.0,11.0,730.0,70.0,139.0,0.0,0.0,47.0,81.0,145.0,131.0,276.0,48.0,22.0,20.0,35.0,187.0
wallake01,Keaton Wallace,2026,26,PG,ATL,ATL,53.0,3.0,536.0,68.0,171.0,38.0,102.0,12.0,18.0,3.0,53.0,56.0,94.0,24.0,5.0,28.0,186.0
smithni01,Nick Smith Jr.,2026,21,SG,LAL,LAL,30.0,1.0,375.0,70.0,161.0,34.0,86.0,11.0,15.0,3.0,20.0,23.0,31.0,9.0,2.0,21.0,185.0
jackstr02,Trayce Jackson-Davis,2026,25,C,TOR,GSW/TOR,53.0,1.0,496.0,71.0,124.0,1.0,1.0,38.0,74.0,66.0,79.0,145.0,39.0,17.0,24.0,22.0,181.0
furphjo01,Johnny Furphy,2026,21,SG,IND,IND,35.0,21.0,643.0,70.0,149.0,23.0,71.0,17.0,35.0,32.0,121.0,153.0,41.0,20.0,7.0,29.0,180.0
harklej01,Elijah Harkless,2026,25,SG,UTA,UTA,26.0,9.0,545.0,54.0,161.0,21.0,88.0,49.0,64.0,10.0,43.0,53.0,75.0,31.0,6.0,26.0,178.0
konanya01,Yanic Konan Niederhäuser,2026,22,C,LAC,LAC,41.0,0.0,424.0,64.0,100.0,1.0,5.0,47.0,62.0,37.0,80.0,117.0,12.0,5.0,30.0,23.0,176.0
terryda01,Dalen Terry,2026,23,SG,PHI,CHI/PHI,48.0,0.0,551.0,68.0,155.0,24.0,66.0,16.0,30.0,26.0,60.0,86.0,66.0,29.0,15.0,26.0,176.0
thybuma01,Matisse Thybulle,2026,28,SG,POR,POR,30.0,0.0,480.0,58.0,134.0,37.0,93.0,21.0,25.0,17.0,42.0,59.0,27.0,60.0,16.0,28.0,174.0
bogdabo01,Bogdan Bogdanović,2026,33,SG,LAC,LAC,23.0,3.0,452.0,59.0,152.0,33.0,95.0,20.0,25.0,6.0,53.0,59.0,51.0,10.0,3.0,27.0,171.0
peterta01,Taelon Peter,2026,23,SG,IND,IND,38.0,0.0,492.0,60.0,158.0,41.0,125.0,10.0,16.0,10.0,49.0,59.0,40.0,26.0,4.0,27.0,171.0
cissemo01,Moussa Cisse,2026,23,C,DAL,DAL,38.0,1.0,530.0,66.0,115.0,0.0,0.0,38.0,81.0,89.0,127.0,216.0,9.0,19.0,45.0,30.0,170.0
hinsobl01,Blake Hinson,2026,26,SF,UTA,UTA,14.0,3.0,285.0,59.0,115.0,37.0,79.0,12.0,16.0,11.0,22.0,33.0,16.0,5.0,2.0,5.0,167.0
chandke01,Kennedy Chandler,2026,23,PG,UTA,UTA,11.0,2.0,355.0,61.0,137.0,15.0,38.0,28.0,43.0,6.0,31.0,37.0,74.0,11.0,2.0,23.0,165.0
mcderdo01,Doug McDermott,2026,34,SF,SAC,SAC,29.0,0.0,439.0,54.0,139.0,48.0,123.0,8.0,9.0,7.0,30.0,37.0,22.0,6.0,4.0,13.0,164.0
gardnmy01,Myron Gardner,2026,24,SF,MIA,MIA,45.0,7.0,411.0,59.0,123.0,26.0,64.0,19.0,26.0,39.0,83.0,122.0,44.0,20.0,8.0,17.0,163.0
payneca01,Cameron Payne,2026,31,PG,PHI,PHI,22.0,1.0,374.0,56.0,149.0,32.0,97.0,19.0,22.0,3.0,41.0,44.0,58.0,24.0,7.0,11.0,163.0
joneska03,Kam Jones,2026,23,SG,IND,IND,37.0,7.0,616.0,68.0,169.0,22.0,75.0,4.0,8.0,15.0,45.0,60.0,119.0,18.0,0.0,36.0,162.0
bradlto01,Tony Bradley,2026,28,C,ATL,IND/ATL,41.0,4.0,450.0,64.0,117.0,2.0,4.0,32.0,43.0,60.0,56.0,116.0,22.0,6.0,7.0,18.0,162.0
balllo01,Lonzo Ball,2026,28,PG,CLE,CLE,35.0,3.0,728.0,53.0,176.0,40.0,147.0,14.0,21.0,26.0,114.0,140.0,136.0,45.0,9.0,52.0,160.0
johnsaj01,AJ Johnson,2026,21,SG,DAL,WAS/DAL,48.0,0.0,454.0,57.0,176.0,12.0,57.0,34.0,40.0,14.0,41.0,55.0,47.0,11.0,3.0,30.0,160.0
sochaje01,Jeremy Sochan,2026,22,PF,NYK,SAS/NYK,44.0,0.0,469.0,64.0,129.0,11.0,45.0,19.0,26.0,37.0,70.0,107.0,40.0,17.0,7.0,21.0,158.0
ryanco01,Cormac Ryan,2026,27,SG,MIL,MIL,11.0,2.0,271.0,53.0,102.0,27.0,59.0,24.0,26.0,8.0,20.0,28.0,19.0,11.0,3.0,17.0,157.0
berinjo01,Joan Beringer,2026,19,PF,MIN,MIN,40.0,3.0,314.0,65.0,98.0,0.0,0.0,26.0,37.0,45.0,47.0,92.0,12.0,7.0,26.0,11.0,156.0
chrisca02,Cam Christie,2026,20,SG,LAC,LAC,55.0,0.0,480.0,53.0,139.0,12.0,49.0,38.0,50.0,19.0,59.0,78.0,31.0,16.0,3.0,22.0,156.0
reeseju01,Julian Reese,2026,22,PF,WAS,WAS,13.0,10.0,402.0,63.0,119.0,0.0,0.0,28.0,44.0,55.0,82.0,137.0,24.0,18.0,8.0,32.0,154.0
edeyza01,Zach Edey,2026,23,C,MEM,MEM,11.0,11.0,284.0,62.0,98.0,1.0,5.0,25.0,32.0,43.0,79.0,122.0,12.0,7.0,21.0,26.0,150.0
coffeam01,Amir Coffey,2026,28,SG,PHO,MIL/PHO,46.0,3.0,490.0,55.0,113.0,17.0,49.0,22.0,28.0,19.0,38.0,57.0,27.0,9.0,5.0,9.0,149.0
cryerlj01,LJ Cryer,2026,24,PG,GSW,GSW,18.0,1.0,292.0,47.0,117.0,37.0,94.0,17.0,19.0,4.0,24.0,28.0,18.0,3.0,0.0,14.0,148.0
weslebl01,Blake Wesley,2026,22,SG,POR,POR,31.0,0.0,361.0,56.0,124.0,10.0,36.0,26.0,47.0,8.0,31.0,39.0,62.0,16.0,5.0,31.0,148.0
liddeej01,E.J. Liddell,2026,25,PF,BRK,BRK,26.0,5.0,349.0,54.0,111.0,18.0,52.0,21.0,26.0,14.0,55.0,69.0,24.0,6.0,10.0,15.0,147.0
phillju01,Julian Phillips,2026,22,SF,MIN,CHI/MIN,48.0,2.0,428.0,51.0,121.0,20.0,65.0,18.0,23.0,23.0,26.0,49.0,10.0,22.0,7.0,11.0,140.0
johnsch06,Chaney Johnson,2026,23,SF,BRK,BRK,17.0,1.0,348.0,51.0,94.0,9.0,30.0,28.0,35.0,33.0,46.0,79.0,36.0,15.0,9.0,20.0,139.0
maluakh01,Khaman Maluach,2026,19,C,PHO,PHO,46.0,1.0,411.0,56.0,105.0,5.0,21.0,22.0,31.0,49.0,84.0,133.0,6.0,5.0,33.0,25.0,139.0
johnske10,Keshad Johnson,2026,24,SF,MIA,MIA,32.0,0.0,280.0,51.0,104.0,13.0,44.0,21.0,29.0,26.0,36.0,62.0,8.0,15.0,8.0,13.0,136.0
isaacjo01,Jonathan Isaac,2026,28,PF,ORL,ORL,52.0,0.0,521.0,46.0,109.0,7.0,38.0,35.0,58.0,43.0,89.0,132.0,22.0,20.0,31.0,18.0,134.0
strusma01,Max Strus,2026,29,SF,CLE,CLE,12.0,5.0,288.0,47.0,106.0,33.0,82.0,7.0,9.0,9.0,56.0,65.0,24.0,3.0,0.0,9.0,134.0
olynyke01,Kelly Olynyk,2026,34,C,SAS,SAS,42.0,0.0,360.0,47.0,96.0,12.0,47.0,27.0,38.0,24.0,52.0,76.0,49.0,15.0,3.0,24.0,133.0
mcneeli01,Liam McNeeley,2026,20,SF,CHO,CHO,31.0,0.0,368.0,38.0,95.0,24.0,60.0,32.0,39.0,13.0,60.0,73.0,24.0,5.0,3.0,13.0,132.0
nancela02,Larry Nance Jr.,2026,33,PF,CLE,CLE,35.0,3.0,449.0,52.0,124.0,21.0,63.0,6.0,13.0,29.0,64.0,93.0,34.0,21.0,6.0,20.0,131.0
burtoty01,Tyler Burton,2026,25,SF,MEM,MEM,12.0,0.0,307.0,42.0,112.0,22.0,66.0,23.0,27.0,8.0,42.0,50.0,12.0,11.0,4.0,11.0,129.0
tateja01,Jae'Sean Tate,2026,30,SF,HOU,HOU,46.0,1.0,405.0,56.0,109.0,10.0,32.0,7.0,11.0,33.0,40.0,73.0,25.0,10.0,3.0,16.0,129.0
branhma01,Malaki Branham,2026,22,SG,WAS,WAS,28.0,0.0,275.0,43.0,91.0,14.0,37.0,28.0,34.0,12.0,32.0,44.0,23.0,10.0,3.0,15.0,128.0
harriga01,Gary Harris,2026,31,SG,MIL,MIL,48.0,2.0,661.0,46.0,104.0,28.0,68.0,8.0,9.0,16.0,45.0,61.0,51.0,27.0,9.0,19.0,128.0
hayeski01,Killian Hayes,2026,24,PG,SAC,SAC,23.0,3.0,406.0,42.0,138.0,17.0,63.0,26.0,28.0,4.0,50.0,54.0,81.0,21.0,4.0,28.0,127.0
smithma02,Malachi Smith,2026,26,SG,BRK,BRK,15.0,4.0,359.0,48.0,99.0,20.0,46.0,8.0,8.0,12.0,39.0,51.0,49.0,12.0,4.0,14.0,124.0
finnedo01,Dorian Finney-Smith,2026,32,PF,HOU,HOU,37.0,1.0,620.0,44.0,132.0,27.0,100.0,8.0,9.0,35.0,58.0,93.0,36.0,16.0,6.0,22.0,123.0
harpero02,Ron Harper Jr.,2026,25,SF,BOS,BOS,29.0,3.0,318.0,46.0,110.0,28.0,80.0,3.0,4.0,15.0,33.0,48.0,22.0,10.0,9.0,8.0,123.0
jamesbr02,Bronny James,2026,21,SG,LAL,LAL,42.0,1.0,375.0,47.0,115.0,22.0,57.0,6.0,7.0,5.0,18.0,23.0,51.0,19.0,4.0,25.0,122.0
mbengbe01,Bez Mbeng,2026,22,SG,UTA,UTA,15.0,5.0,492.0,50.0,100.0,6.0,31.0,16.0,25.0,18.0,39.0,57.0,62.0,34.0,5.0,22.0,122.0
hukpoar01,Ariel Hukporti,2026,23,C,NYK,NYK,54.0,5.0,498.0,45.0,80.0,1.0,4.0,26.0,33.0,56.0,103.0,159.0,29.0,9.0,26.0,32.0,117.0
poulajo01,John Poulakidas,2026,22,SG,DAL,DAL,13.0,0.0,253.0,39.0,91.0,31.0,77.0,6.0,7.0,4.0,26.0,30.0,11.0,7.0,4.0,4.0,115.0
pippesc02,Scotty Pippen Jr.,2026,25,PG,MEM,MEM,10.0,6.0,212.0,43.0,96.0,10.0,32.0,18.0,23.0,8.0,14.0,22.0,47.0,19.0,4.0,27.0,114.0
jacksan01,Andre Jackson Jr.,2026,24,SG,MIL,MIL,48.0,1.0,408.0,39.0,119.0,15.0,60.0,20.0,32.0,25.0,47.0,72.0,43.0,19.0,4.0,31.0,113.0
willije02,Nate Williams,2026,26,SG,GSW,GSW,14.0,2.0,239.0,43.0,88.0,13.0,30.0,13.0,15.0,20.0,10.0,30.0,14.0,5.0,0.0,15.0,112.0
connapa01,Pat Connaughton,2026,33,SG,CHO,CHO,42.0,0.0,297.0,38.0,85.0,21.0,52.0,13.0,20.0,15.0,46.0,61.0,18.0,11.0,1.0,11.0,110.0
blackle01,Leaky Black,2026,26,SF,WAS,WAS,15.0,9.0,433.0,40.0,103.0,19.0,55.0,7.0,8.0,15.0,60.0,75.0,22.0,18.0,8.0,14.0,106.0
lawsoaj01,A.J. Lawson,2026,25,SG,TOR,TOR,24.0,0.0,226.0,34.0,78.0,19.0,45.0,14.0,18.0,9.0,34.0,43.0,7.0,12.0,4.0,6.0,101.0
robinje02,Jeremiah Robinson-Earl,2026,25,PF,DAL,IND/DAL,22.0,3.0,361.0,37.0,100.0,10.0,41.0,17.0,18.0,36.0,67.0,103.0,15.0,9.0,1.0,12.0,101.0
whiteda01,Dariq Whitehead,2026,21,SF,MEM,MEM,6.0,2.0,183.0,37.0,93.0,19.0,60.0,5.0,7.0,2.0,22.0,24.0,9.0,4.0,0.0,10.0,98.0
colliza01,Zach Collins,2026,28,C,CHI,CHI,10.0,0.0,184.0,37.0,64.0,9.0,21.0,14.0,20.0,16.0,40.0,56.0,15.0,2.0,4.0,10.0,97.0
beaucma01,MarJon Beauchamp,2026,25,SF,PHI,PHI,14.0,1.0,196.0,33.0,76.0,16.0,47.0,13.0,19.0,7.0,25.0,32.0,15.0,9.0,4.0,13.0,95.0
yangha01,Yang Hansen,2026,20,C,POR,POR,43.0,1.0,300.0,31.0,100.0,5.0,42.0,28.0,34.0,20.0,46.0,66.0,22.0,3.0,10.0,32.0,95.0
slawsja01,Jalen Slawson,2026,26,SF,IND,IND,13.0,6.0,311.0,34.0,77.0,15.0,40.0,12.0,17.0,7.0,50.0,57.0,36.0,20.0,14.0,17.0,95.0
waterli01,Lindy Waters III,2026,28,SG,SAS,SAS,40.0,0.0,285.0,33.0,88.0,27.0,79.0,2.0,3.0,3.0,26.0,29.0,19.0,6.0,1.0,7.0,95.0
reathdu01,Duop Reath,2026,29,C,POR,POR,32.0,0.0,258.0,33.0,74.0,23.0,55.0,5.0,6.0,10.0,28.0,38.0,10.0,5.0,8.0,7.0,94.0
holmeda01,DaRon Holmes,2026,23,PF,DEN,DEN,25.0,6.0,210.0,31.0,61.0,20.0,45.0,11.0,14.0,8.0,27.0,35.0,16.0,1.0,6.0,12.0,93.0
timmedr01,Drew Timme,2026,25,PF,LAL,LAL,27.0,1.0,235.0,38.0,66.0,11.0,25.0,5.0,9.0,10.0,23.0,33.0,23.0,6.0,0.0,13.0,92.0
simpskj01,KJ Simpson,2026,23,PG,DEN,CHO/DEN,20.0,2.0,257.0,34.0,99.0,12.0,40.0,11.0,18.0,9.0,28.0,37.0,43.0,16.0,0.0,25.0,91.0
mclaujo01,Jordan McLaughlin,2026,29,PG,SAS,SAS,44.0,0.0,282.0,33.0,79.0,17.0,40.0,6.0,7.0,7.0,25.0,32.0,38.0,20.0,2.0,15.0,89.0
olbrila01,Lachlan Olbrich,2026,22,C,CHI,CHI,37.0,2.0,344.0,36.0,77.0,2.0,19.0,15.0,40.0,45.0,67.0,112.0,42.0,12.0,8.0,16.0,89.0
jarrede01,DeJon Jarreau,2026,28,SG,MEM,MEM,11.0,0.0,231.0,33.0,83.0,4.0,30.0,18.0,23.0,12.0,39.0,51.0,36.0,10.0,8.0,26.0,88.0
klebima01,Maxi Kleber,2026,34,PF,LAL,LAL,43.0,1.0,461.0,33.0,73.0,6.0,26.0,14.0,26.0,36.0,48.0,84.0,27.0,18.0,11.0,17.0,86.0
hallpj01,PJ Hall,2026,23,C,CHO,MEM/CHO,19.0,2.0,214.0,30.0,59.0,3.0,5.0,23.0,29.0,33.0,42.0,75.0,10.0,3.0,10.0,16.0,86.0
balad01,Adama-Alpha Bal,2026,22,SG,MEM,MEM,8.0,1.0,241.0,28.0,68.0,18.0,44.0,9.0,10.0,6.0,19.0,25.0,19.0,9.0,1.0,6.0,83.0
leonsma01,Malevy Leons,2026,26,SF,GSW,GSW,25.0,2.0,276.0,32.0,72.0,4.0,16.0,15.0,19.0,30.0,23.0,53.0,23.0,14.0,9.0,13.0,83.0
laniech01,Chaz Lanier,2026,24,SG,DET,DET,34.0,0.0,262.0,28.0,89.0,19.0,67.0,5.0,6.0,8.0,15.0,23.0,17.0,7.0,0.0,3.0,80.0
mathega01,Garrison Mathews,2026,29,SG,IND,IND,15.0,1.0,196.0,21.0,52.0,17.0,46.0,19.0,23.0,2.0,15.0,17.0,10.0,6.0,3.0,3.0,78.0
bassech01,Charles Bassey,2026,25,C,GSW,MEM/PHI/BOS/GSW,13.0,0.0,153.0,31.0,47.0,0.0,0.0,14.0,20.0,23.0,34.0,57.0,7.0,4.0,11.0,6.0,76.0
dennira01,RayJ Dennis,2026,24,PG,ATL,IND/LAC/ATL,17.0,0.0,206.0,26.0,83.0,14.0,45.0,8.0,9.0,8.0,18.0,26.0,33.0,4.0,4.0,17.0,74.0
willilu01,Lucas Williamson,2026,27,SG,MEM,MEM,7.0,2.0,224.0,25.0,75.0,15.0,53.0,8.0,8.0,11.0,27.0,38.0,18.0,11.0,1.0,10.0,73.0
kolokch01,Christian Koloko,2026,25,C,ATL,LAL/MEM/ATL,27.0,4.0,357.0,31.0,74.0,1.0,9.0,10.0,15.0,31.0,50.0,81.0,18.0,14.0,23.0,16.0,73.0
kesslwa01,Walker Kessler,2026,24,C,UTA,UTA,5.0,5.0,154.0,26.0,37.0,6.0,8.0,14.0,20.0,23.0,31.0,54.0,15.0,7.0,9.0,16.0,72.0
curryse01,Seth Curry,2026,35,SG,GSW,GSW,10.0,0.0,133.0,24.0,49.0,12.0,25.0,11.0,12.0,4.0,8.0,12.0,10.0,3.0,0.0,2.0,71.0
youngch01,Chris Youngblood,2026,23,SG,POR,OKC/POR,34.0,0.0,185.0,22.0,63.0,18.0,54.0,9.0,10.0,7.0,21.0,28.0,12.0,4.0,3.0,2.0,71.0
davisjd01,JD Davison,2026,23,PG,HOU,HOU,28.0,0.0,218.0,24.0,64.0,8.0,32.0,13.0,19.0,3.0,31.0,34.0,35.0,6.0,6.0,7.0,69.0
barnhbr01,Brooks Barnhizer,2026,23,SG,OKC,OKC,40.0,0.0,348.0,27.0,71.0,7.0,24.0,7.0,10.0,19.0,59.0,78.0,22.0,11.0,5.0,10.0,68.0
greenje02,Jeff Green,2026,39,PF,HOU,HOU,30.0,0.0,175.0,25.0,68.0,12.0,44.0,5.0,5.0,7.0,18.0,25.0,8.0,2.0,2.0,4.0,67.0
mccluma01,Mac McClung,2026,27,SG,CHI,IND/CHI,11.0,0.0,135.0,23.0,59.0,7.0,30.0,14.0,18.0,2.0,8.0,10.0,10.0,11.0,3.0,9.0,67.0
liveris01,Isaiah Livers,2026,27,PF,PHO,PHO,36.0,0.0,347.0,22.0,64.0,12.0,40.0,9.0,12.0,19.0,42.0,61.0,21.0,13.0,8.0,12.0,65.0
kawamyu01,Yuki Kawamura,2026,24,PG,CHI,CHI,18.0,0.0,209.0,17.0,52.0,11.0,37.0,17.0,19.0,7.0,26.0,33.0,47.0,9.0,0.0,14.0,62.0
mogbojo01,Jonathan Mogbo,2026,24,PF,TOR,TOR,40.0,0.0,249.0,26.0,44.0,0.0,1.0,9.0,14.0,19.0,49.0,68.0,25.0,11.0,8.0,14.0,61.0
okanito01,Toby Okani,2026,24,SG,MEM,MEM,6.0,4.0,217.0,25.0,70.0,9.0,31.0,1.0,8.0,9.0,12.0,21.0,6.0,4.0,3.0,3.0,60.0
looneke01,Kevon Looney,2026,29,C,NOP,NOP,21.0,8.0,308.0,25.0,60.0,2.0,13.0,7.0,10.0,48.0,70.0,118.0,34.0,9.0,10.0,9.0,59.0
smithto05,Tolu Smith,2026,25,PF,DET,DET,15.0,0.0,137.0,18.0,36.0,0.0,0.0,20.0,30.0,22.0,27.0,49.0,13.0,2.0,6.0,7.0,56.0
smithty02,Tyler Smith,2026,21,PF,DAL,DAL,12.0,0.0,166.0,21.0,50.0,10.0,35.0,4.0,6.0,12.0,21.0,33.0,5.0,6.0,0.0,6.0,56.0
jordade01,DeAndre Jordan,2026,37,C,NOP,NOP,12.0,7.0,199.0,21.0,32.0,0.0,0.0,11.0,17.0,26.0,50.0,76.0,11.0,4.0,10.0,9.0,53.0
topicni01,Nikola Topić,2026,20,PG,OKC,OKC,10.0,2.0,160.0,22.0,51.0,6.0,15.0,2.0,5.0,7.0,12.0,19.0,44.0,5.0,0.0,25.0,52.0
martial01,Alijah Martin,2026,24,SG,TOR,TOR,23.0,0.0,146.0,16.0,50.0,4.0,21.0,15.0,19.0,9.0,12.0,21.0,12.0,8.0,4.0,8.0,51.0
mcculke01,Kevin McCullar Jr.,2026,24,SF,NYK,NYK,21.0,0.0,155.0,20.0,47.0,8.0,24.0,2.0,5.0,11.0,17.0,28.0,20.0,9.0,0.0,12.0,50.0
bealbr01,Bradley Beal,2026,32,SG,LAC,LAC,6.0,6.0,121.0,18.0,48.0,7.0,19.0,6.0,8.0,2.0,3.0,5.0,10.0,3.0,0.0,9.0,49.0
dadiepa01,Pacôme Dadiet,2026,20,SG,NYK,NYK,29.0,0.0,136.0,16.0,48.0,7.0,32.0,9.0,11.0,4.0,23.0,27.0,12.0,3.0,1.0,3.0,48.0
scotttr01,Tre Scott,2026,29,PF,BRK,BRK,6.0,4.0,182.0,19.0,50.0,6.0,19.0,4.0,6.0,10.0,21.0,31.0,10.0,8.0,5.0,4.0,48.0
alexatr01,Trey Alexander,2026,22,SG,NOP,NOP,9.0,0.0,111.0,19.0,37.0,6.0,12.0,3.0,5.0,1.0,10.0,11.0,9.0,6.0,2.0,3.0,47.0
antetth01,Thanasis Antetokounmpo,2026,33,SF,MIL,MIL,34.0,0.0,148.0,15.0,32.0,0.0,4.0,17.0,30.0,12.0,18.0,30.0,15.0,13.0,6.0,10.0,47.0
paulch01,Chris Paul,2026,40,PG,LAC,LAC,16.0,0.0,228.0,18.0,56.0,10.0,30.0,1.0,2.0,6.0,22.0,28.0,53.0,11.0,0.0,16.0,47.0
thierad01,Adou Thiero,2026,21,SF,LAL,LAL,25.0,0.0,149.0,16.0,31.0,1.0,3.0,14.0,22.0,9.0,19.0,28.0,10.0,7.0,2.0,9.0,47.0
bufkiko01,Kobe Bufkin,2026,22,SG,LAL,LAL,16.0,1.0,119.0,15.0,50.0,5.0,26.0,11.0,12.0,1.0,12.0,13.0,10.0,2.0,3.0,5.0,46.0
tysonhu01,Hunter Tyson,2026,25,PF,DEN,DEN,21.0,2.0,162.0,14.0,52.0,7.0,33.0,11.0,13.0,4.0,32.0,36.0,17.0,2.0,1.0,5.0,46.0
breako01,Koby Brea,2026,23,SG,PHO,PHO,12.0,0.0,84.0,15.0,36.0,13.0,30.0,2.0,2.0,1.0,7.0,8.0,10.0,1.0,0.0,4.0,45.0
willial06,Alondes Williams,2026,26,SG,WAS,WAS,4.0,0.0,101.0,16.0,26.0,5.0,14.0,7.0,8.0,5.0,20.0,25.0,12.0,3.0,3.0,5.0,44.0
tillmxa01,Xavier Tillman Sr.,2026,27,C,CHO,BOS/CHO,30.0,1.0,183.0,20.0,46.0,3.0,18.0,1.0,4.0,19.0,24.0,43.0,13.0,9.0,5.0,8.0,44.0
juzanjo01,Johnny Juzang,2026,24,SG,MIN,MIN,21.0,0.0,88.0,16.0,38.0,6.0,24.0,5.0,8.0,5.0,12.0,17.0,6.0,2.0,1.0,5.0,43.0
kellymi02,Miles Kelly,2026,23,PG,DAL,DAL,14.0,0.0,134.0,16.0,44.0,10.0,33.0,1.0,1.0,5.0,19.0,24.0,12.0,4.0,1.0,6.0,43.0
houstca01,Caleb Houstan,2026,23,SF,ATL,ATL,18.0,0.0,75.0,14.0,26.0,11.0,21.0,3.0,3.0,5.0,6.0,11.0,4.0,2.0,1.0,4.0,42.0
inglejo01,Joe Ingles,2026,38,SF,MIN,MIN,27.0,2.0,153.0,16.0,27.0,7.0,16.0,2.0,2.0,0.0,19.0,19.0,34.0,9.0,2.0,14.0,41.0
roddyda01,David Roddy,2026,24,PF,DEN,DEN,5.0,0.0,73.0,15.0,30.0,3.0,11.0,7.0,7.0,8.0,12.0,20.0,4.0,4.0,1.0,2.0,40.0
highsha01,Haywood Highsmith,2026,29,SF,PHO,PHO,7.0,0.0,91.0,12.0,23.0,8.0,14.0,6.0,7.0,6.0,7.0,13.0,7.0,4.0,0.0,0.0,38.0
enarutr01,Tristan Enaruna,2026,24,SF,CLE,CLE,9.0,0.0,85.0,14.0,28.0,3.0,10.0,6.0,8.0,7.0,7.0,14.0,7.0,5.0,0.0,3.0,37.0
sandfpa01,Payton Sandfort,2026,23,SF,OKC,OKC,4.0,0.0,63.0,13.0,26.0,7.0,17.0,2.0,4.0,1.0,9.0,10.0,0.0,1.0,0.0,1.0,35.0
minixri01,Riley Minix,2026,25,SF,CLE,SAS/CLE,9.0,0.0,58.0,14.0,23.0,4.0,12.0,3.0,3.0,2.0,4.0,6.0,5.0,2.0,1.0,3.0,35.0
gibsota01,Taj Gibson,2026,40,C,MEM,MEM,10.0,1.0,97.0,12.0,26.0,3.0,6.0,7.0,8.0,11.0,16.0,27.0,6.0,2.0,1.0,1.0,34.0
hayesni01,Nigel Hayes-Davis,2026,31,SF,PHO,PHO,27.0,0.0,195.0,15.0,46.0,2.0,16.0,2.0,4.0,12.0,21.0,33.0,7.0,8.0,2.0,8.0,34.0
yurtsom01,Omer Yurtseven,2026,27,C,GSW,GSW,9.0,0.0,104.0,11.0,26.0,0.0,4.0,12.0,18.0,13.0,17.0,30.0,8.0,2.0,1.0,9.0,34.0
gordoer01,Eric Gordon,2026,37,SG,PHI,PHI,6.0,0.0,74.0,12.0,21.0,8.0,14.0,1.0,2.0,1.0,1.0,2.0,3.0,4.0,1.0,3.0,33.0
baldwpa01,Patrick Baldwin Jr.,2026,23,SF,SAC,LAC/PHI/SAC,9.0,1.0,102.0,11.0,27.0,6.0,14.0,5.0,7.0,12.0,11.0,23.0,5.0,3.0,5.0,5.0,33.0
jonesda06,David Jones García,2026,24,SF,SAS,SAS,11.0,0.0,68.0,13.0,25.0,3.0,5.0,3.0,6.0,4.0,9.0,13.0,18.0,6.0,1.0,5.0,32.0
jeffrda01,DaQuan Jeffries,2026,28,SG,SAC,SAC,3.0,0.0,60.0,11.0,19.0,4.0,9.0,5.0,5.0,3.0,2.0,5.0,1.0,2.0,0.0,0.0,31.0
plumlma01,Mason Plumlee,2026,35,C,SAS,CHO/SAS,20.0,3.0,172.0,11.0,14.0,0.0,0.0,9.0,14.0,17.0,36.0,53.0,20.0,10.0,0.0,12.0,31.0
livelde01,Dereck Lively II,2026,21,C,DAL,DAL,7.0,4.0,115.0,11.0,18.0,0.0,0.0,8.0,10.0,14.0,23.0,37.0,13.0,4.0,11.0,10.0,30.0
william01,Amari Williams,2026,24,PF,BOS,BOS,22.0,2.0,146.0,10.0,20.0,0.0,0.0,10.0,14.0,9.0,31.0,40.0,10.0,3.0,10.0,11.0,30.0
jonescu01,Curtis Jones,2026,24,SG,DEN,DEN,10.0,0.0,88.0,11.0,27.0,6.0,18.0,1.0,2.0,2.0,9.0,11.0,10.0,4.0,0.0,2.0,29.0
crawfis01,Isaiah Crawford,2026,24,SF,HOU,HOU,14.0,0.0,92.0,10.0,24.0,3.0,13.0,5.0,6.0,3.0,13.0,16.0,5.0,2.0,3.0,4.0,28.0
travelu01,Luke Travers,2026,24,SG,CLE,CLE,12.0,0.0,103.0,9.0,36.0,1.0,16.0,9.0,9.0,9.0,15.0,24.0,9.0,7.0,4.0,3.0,28.0
reevean01,Antonio Reeves,2026,25,SG,CHO,CHO,10.0,0.0,68.0,10.0,20.0,7.0,13.0,0.0,0.0,2.0,6.0,8.0,3.0,1.0,0.0,1.0,27.0
garcian01,Andersson Garcia,2026,25,SF,UTA,UTA,5.0,2.0,169.0,9.0,29.0,1.0,13.0,7.0,9.0,17.0,25.0,42.0,14.0,8.0,4.0,7.0,26.0
odurojo01,Josh Oduro,2026,25,PF,NOP,NOP,3.0,1.0,82.0,11.0,17.0,0.0,2.0,3.0,6.0,11.0,12.0,23.0,4.0,0.0,0.0,2.0,25.0
richmka01,Kadary Richmond,2026,24,SG,WAS,WAS,3.0,0.0,67.0,10.0,16.0,2.0,4.0,3.0,3.0,1.0,9.0,10.0,8.0,8.0,1.0,2.0,25.0
youngja05,Jahmir Young,2026,25,PG,MIA,MIA,14.0,0.0,58.0,10.0,25.0,3.0,9.0,2.0,2.0,2.0,2.0,4.0,9.0,1.0,0.0,3.0,25.0
biyombi01,Bismack Biyombo,2026,33,C,SAS,SAS,25.0,1.0,141.0,9.0,15.0,0.0,0.0,5.0,7.0,5.0,21.0,26.0,5.0,4.0,2.0,8.0,23.0
cookeja01,Javonte Cooke,2026,26,SG,POR,POR,19.0,0.0,94.0,9.0,41.0,3.0,23.0,2.0,2.0,4.0,15.0,19.0,7.0,6.0,0.0,9.0,23.0
pullizy01,Zyon Pullin,2026,24,SG,MIN,MIN,5.0,0.0,43.0,9.0,13.0,1.0,3.0,4.0,4.0,1.0,2.0,3.0,9.0,1.0,0.0,3.0,23.0
klintbo01,Bobi Klintman,2026,22,SF,DET,DET,12.0,0.0,71.0,9.0,27.0,4.0,13.0,0.0,3.0,5.0,14.0,19.0,6.0,3.0,0.0,6.0,22.0
searsma01,Mark Sears,2026,23,PG,MIL,MIL,7.0,0.0,26.0,6.0,13.0,4.0,8.0,6.0,8.0,1.0,1.0,2.0,2.0,0.0,0.0,4.0,22.0
bouchch01,Chris Boucher,2026,33,PF,BOS,BOS,9.0,0.0,94.0,8.0,25.0,2.0,15.0,3.0,4.0,2.0,16.0,18.0,3.0,5.0,7.0,1.0,21.0
washity02,TyTy Washington Jr.,2026,24,PG,LAC,LAC,16.0,0.0,88.0,9.0,19.0,3.0,8.0,0.0,0.0,1.0,5.0,6.0,17.0,6.0,3.0,3.0,21.0
antetal01,Alex Antetokounmpo,2026,24,SF,MIL,MIL,6.0,0.0,21.0,3.0,8.0,2.0,7.0,11.0,15.0,2.0,4.0,6.0,1.0,0.0,1.0,1.0,19.0
morrimo01,Monte Morris,2026,30,PG,IND,IND,6.0,0.0,65.0,7.0,20.0,2.0,8.0,2.0,4.0,1.0,6.0,7.0,9.0,1.0,1.0,2.0,18.0
lowryky01,Kyle Lowry,2026,39,PG,PHI,PHI,14.0,0.0,118.0,4.0,25.0,4.0,25.0,5.0,6.0,0.0,9.0,9.0,11.0,2.0,2.0,4.0,17.0
nelsogr02,Grant Nelson,2026,23,PF,BRK,BRK,4.0,0.0,35.0,5.0,9.0,0.0,0.0,7.0,10.0,1.0,5.0,6.0,5.0,1.0,5.0,4.0,17.0
omierno01,Norchad Omier,2026,24,PF,LAC,LAC,6.0,0.0,24.0,7.0,10.0,0.0,1.0,3.0,3.0,4.0,3.0,7.0,2.0,1.0,0.0,0.0,17.0
templga01,Garrett Temple,2026,39,SG,TOR,TOR,22.0,0.0,73.0,4.0,15.0,3.0,12.0,6.0,9.0,1.0,8.0,9.0,9.0,4.0,2.0,7.0,17.0
gilbeke01,Keshon Gilbert,2026,22,SG,ATL,WAS/ATL,4.0,0.0,74.0,5.0,12.0,0.0,3.0,7.0,7.0,2.0,3.0,5.0,12.0,3.0,4.0,8.0,17.0
gueyemo01,Mouhamadou Gueye,2026,27,PF,CHI,CHI,2.0,0.0,45.0,6.0,11.0,1.0,5.0,3.0,4.0,2.0,4.0,6.0,6.0,2.0,1.0,3.0,16.0
milleem01,Emanuel Miller,2026,25,PF,CHI,CHI,5.0,0.0,33.0,6.0,13.0,2.0,6.0,1.0,2.0,1.0,2.0,3.0,4.0,2.0,0.0,0.0,15.0
tonjejo01,John Tonje,2026,24,SG,BOS,BOS,6.0,0.0,42.0,4.0,14.0,3.0,10.0,4.0,4.0,0.0,6.0,6.0,2.0,2.0,0.0,0.0,15.0
loverla01,Lawson Lovering,2026,22,C,MEM,MEM,2.0,1.0,49.0,6.0,10.0,0.0,0.0,2.0,5.0,6.0,9.0,15.0,3.0,3.0,1.0,2.0,14.0
sarrol01,Olivier Sarr,2026,26,C,CLE,CLE,4.0,0.0,39.0,5.0,7.0,2.0,3.0,2.0,5.0,2.0,9.0,11.0,5.0,2.0,3.0,2.0,14.0
zikarro01,Rocco Zikarsky,2026,19,C,MIN,MIN,5.0,0.0,36.0,5.0,8.0,0.0,0.0,4.0,4.0,2.0,12.0,14.0,2.0,0.0,5.0,1.0,14.0
freemen01,Enrique Freeman,2026,25,PF,MIN,MIN,4.0,0.0,37.0,4.0,8.0,2.0,4.0,3.0,4.0,2.0,8.0,10.0,2.0,2.0,3.0,2.0,13.0
jemistr01,Trey Jemison,2026,26,C,NYK,NYK,13.0,0.0,82.0,6.0,10.0,0.0,0.0,1.0,1.0,8.0,10.0,18.0,5.0,1.0,2.0,10.0,13.0
labissk01,Skal Labissière,2026,29,PF,WAS,WAS,3.0,0.0,38.0,6.0,10.0,1.0,5.0,0.0,0.0,3.0,6.0,9.0,3.0,2.0,1.0,1.0,13.0
pedulse01,Sean Pedulla,2026,23,PG,LAC,LAC,7.0,0.0,31.0,5.0,15.0,3.0,10.0,0.0,0.0,0.0,3.0,3.0,5.0,0.0,0.0,1.0,13.0
wisemja01,James Wiseman,2026,24,C,IND,IND,4.0,1.0,58.0,6.0,10.0,0.0,0.0,1.0,2.0,5.0,3.0,8.0,3.0,0.0,1.0,5.0,13.0
dickihu01,Hunter Dickinson,2026,25,C,NOP,NOP,5.0,0.0,42.0,5.0,14.0,0.0,4.0,2.0,2.0,2.0,3.0,5.0,2.0,1.0,2.0,3.0,12.0
huntlcj01,CJ Huntley,2026,24,SF,PHO,PHO,4.0,0.0,40.0,6.0,11.0,0.0,3.0,0.0,0.0,2.0,3.0,5.0,2.0,1.0,0.0,0.0,12.0
newtotr01,Tristen Newton,2026,24,SG,HOU,HOU,1.0,0.0,12.0,4.0,9.0,2.0,5.0,2.0,3.0,2.0,1.0,3.0,0.0,1.0,0.0,0.0,12.0
bantoda01,Dalano Banton,2026,26,PG,BOS,LAC/BOS,6.0,0.0,62.0,4.0,12.0,0.0,1.0,4.0,4.0,2.0,3.0,5.0,11.0,2.0,5.0,8.0,12.0
ingraha01,Harrison Ingram,2026,23,SF,SAS,SAS,7.0,0.0,26.0,5.0,6.0,1.0,1.0,0.0,0.0,3.0,0.0,3.0,1.0,0.0,0.0,1.0,11.0
bambamo01,Mo Bamba,2026,27,C,UTA,TOR/UTA,4.0,0.0,44.0,5.0,11.0,0.0,0.0,0.0,0.0,10.0,12.0,22.0,1.0,0.0,3.0,2.0,10.0
broomjo01,Johni Broome,2026,23,C,PHI,PHI,11.0,0.0,55.0,4.0,24.0,0.0,5.0,2.0,6.0,7.0,9.0,16.0,4.0,3.0,2.0,3.0,10.0
kentja01,Jayson Kent,2026,23,SF,POR,POR,5.0,0.0,22.0,4.0,7.0,1.0,4.0,1.0,1.0,0.0,5.0,5.0,0.0,1.0,1.0,0.0,10.0
moorewe01,Wendell Moore Jr.,2026,24,SG,DET,DET,6.0,0.0,60.0,4.0,7.0,0.0,1.0,2.0,2.0,1.0,5.0,6.0,4.0,2.0,2.0,1.0,10.0
steveis01,Isaiah Stevens,2026,25,PG,SAC,SAC,3.0,0.0,43.0,3.0,7.0,0.0,1.0,4.0,4.0,2.0,1.0,3.0,10.0,5.0,0.0,2.0,10.0
jonesdi01,Dillon Jones,2026,24,SF,NYK,NYK,7.0,0.0,39.0,2.0,9.0,1.0,5.0,4.0,4.0,2.0,5.0,7.0,4.0,3.0,0.0,0.0,9.0
livinch01,Chris Livingston,2026,22,SF,CLE,CLE,3.0,0.0,17.0,4.0,7.0,0.0,3.0,1.0,1.0,0.0,3.0,3.0,1.0,1.0,0.0,0.0,9.0
jonesis01,Isaac Jones,2026,25,PF,DET,SAC/DET,7.0,1.0,36.0,3.0,7.0,0.0,2.0,3.0,4.0,2.0,3.0,5.0,1.0,0.0,1.0,1.0,9.0
clarkbr01,Brandon Clarke,2026,29,PF,MEM,MEM,2.0,2.0,20.0,3.0,9.0,0.0,0.0,2.0,4.0,4.0,2.0,6.0,1.0,2.0,0.0,0.0,8.0
keelstr01,Trevor Keels,2026,22,SG,MIA,MIA,8.0,0.0,15.0,3.0,12.0,2.0,9.0,0.0,0.0,0.0,2.0,2.0,0.0,1.0,0.0,0.0,8.0
moralal01,Alex Morales,2026,28,PG,ORL,ORL,4.0,0.0,24.0,3.0,7.0,0.0,1.0,2.0,2.0,1.0,2.0,3.0,4.0,0.0,0.0,4.0,8.0
toppija01,Jacob Toppin,2026,25,SF,ATL,ATL,5.0,0.0,17.0,4.0,6.0,0.0,0.0,0.0,0.0,0.0,1.0,1.0,1.0,0.0,1.0,0.0,8.0
goldivl01,Vladislav Goldin,2026,24,C,MIA,MIA,9.0,0.0,24.0,3.0,4.0,0.0,0.0,1.0,1.0,3.0,6.0,9.0,3.0,0.0,3.0,3.0,7.0
manonch01,Chris Mañon,2026,24,SG,LAL,LAL,9.0,0.0,46.0,2.0,6.0,0.0,3.0,3.0,4.0,2.0,8.0,10.0,3.0,5.0,2.0,1.0,7.0
martico01,Cody Martin,2026,30,SF,IND,IND,4.0,0.0,55.0,2.0,10.0,0.0,5.0,3.0,6.0,1.0,13.0,14.0,2.0,4.0,2.0,4.0,7.0
robinor01,Orlando Robinson,2026,25,C,ORL,ORL,4.0,1.0,25.0,3.0,5.0,1.0,2.0,0.0,0.0,2.0,2.0,4.0,3.0,1.0,0.0,0.0,7.0
sallihu01,Hunter Sallis,2026,22,SG,PHI,PHI,7.0,0.0,26.0,3.0,5.0,0.0,0.0,1.0,2.0,0.0,1.0,1.0,4.0,0.0,1.0,5.0,7.0
shulgma01,Max Shulga,2026,23,SG,BOS,BOS,11.0,1.0,36.0,2.0,8.0,1.0,4.0,2.0,2.0,3.0,3.0,6.0,2.0,1.0,0.0,3.0,7.0
boehebu01,Buddy Boeheim,2026,26,SF,OKC,OKC,4.0,0.0,15.0,2.0,6.0,2.0,6.0,0.0,0.0,0.0,0.0,0.0,0.0,0.0,0.0,0.0,6.0
grayha01,Hayden Gray,2026,22,SG,UTA,UTA,1.0,0.0,25.0,2.0,3.0,0.0,1.0,2.0,2.0,0.0,0.0,0.0,1.0,1.0,1.0,1.0,6.0
castlco01,Colin Castleton,2026,25,C,ORL,ORL,4.0,0.0,21.0,2.0,5.0,0.0,0.0,1.0,1.0,2.0,6.0,8.0,1.0,1.0,0.0,2.0,5.0
peterdr01,Drew Peterson,2026,26,PF,CHO,CHO,6.0,0.0,64.0,2.0,16.0,0.0,12.0,1.0,2.0,3.0,6.0,9.0,2.0,3.0,1.0,0.0,5.0
saricda01,Dario Šarić,2026,31,C,SAC,SAC,5.0,0.0,41.0,1.0,6.0,1.0,3.0,2.0,2.0,1.0,5.0,6.0,2.0,0.0,0.0,2.0,5.0
flowetr01,Trentyn Flowers,2026,20,SF,CHI,CHI,2.0,0.0,6.0,2.0,3.0,0.0,1.0,0.0,0.0,1.0,0.0,1.0,1.0,0.0,0.0,1.0,4.0
fultzma01,Markelle Fultz,2026,27,PG,TOR,TOR,5.0,0.0,36.0,2.0,11.0,0.0,0.0,0.0,0.0,0.0,1.0,1.0,8.0,2.0,0.0,4.0,4.0
nfalyda01,N'Faly Dante,2026,24,C,ATL,ATL,4.0,0.0,15.0,1.0,4.0,0.0,0.0,1.0,1.0,3.0,4.0,7.0,0.0,2.0,0.0,1.0,3.0
jonesco02,Colby Jones,2026,23,SG,DET,DET,1.0,0.0,7.0,1.0,3.0,0.0,2.0,0.0,0.0,0.0,4.0,4.0,2.0,0.0,0.0,0.0,2.0
umudest01,Stanley Umude,2026,26,SG,SAS,SAS,2.0,0.0,7.0,1.0,2.0,0.0,1.0,0.0,0.0,0.0,0.0,0.0,1.0,1.0,0.0,0.0,2.0
telfoja01,Jahmyl Telfort,2026,24,PF,LAC,LAC,8.0,0.0,32.0,0.0,4.0,0.0,4.0,1.0,4.0,0.0,3.0,3.0,1.0,1.0,0.0,1.0,1.0
brownda04,Darius Brown II,2026,26,SG,CLE,CLE,1.0,0.0,3.0,0.0,1.0,0.0,0.0,0.0,0.0,0.0,1.0,1.0,0.0,0.0,0.0,0.0,0.0
essenno01,Noa Essengue,2026,19,PF,CHI,CHI,2.0,0.0,6.0,0.0,3.0,0.0,2.0,0.0,0.0,0.0,0.0,0.0,0.0,1.0,0.0,0.0,0.0
evbuoto01,Tosan Evbuomwan,2026,24,SF,NYK,NYK,5.0,0.0,8.0,0.0,1.0,0.0,0.0,0.0,0.0,1.0,1.0,2.0,0.0,0.0,0.0,0.0,0.0
hepbuch01,Chucky Hepburn,2026,22,PG,TOR,TOR,2.0,0.0,13.0,0.0,6.0,0.0,5.0,0.0,0.0,0.0,1.0,1.0,2.0,1.0,0.0,1.0,0.0
