hashtag_id,name,team,yahoo_pos,yahoo_adp,espn_adp,fantrax_adp,blend_adp
9196,Nikola Jokic,DEN,C,1.9,1.6,1.5,1.7
110399,Victor Wembanyama,SA,C,1.6,3.1,1.6,2.1
15208,Shai Gilgeous-Alexander,OKC,PG,4.3,2.9,3.4,3.5
15200,Luka Doncic,LAL,PG SG,3.6,3.7,3.7,3.7
31030,Cade Cunningham,DET,PG SG,6.3,8.1,5.5,6.6
9325,Giannis Antetokounmpo,MIA,PF C,8.0,6.0,9.1,7.7
27638,Anthony Edwards,MIN,PG SG,8.8,7.0,8.8,8.2
13730,Jayson Tatum,BOS,SF PF,10.2,9.8,8.0,9.3
27450,Tyrese Maxey,PHI,PG,9.0,12.7,8.4,10.0
31049,Jalen Johnson,ATL,SF PF,12.0,9.5,9.8,10.4
120207,Cooper Flagg,DAL,SG SF PF,10.0,17.7,11.3,13.0
13741,Donovan Mitchell,CLE,PG SG,14.2,11.4,14.2,13.3
31033,Scottie Barnes,TOR,SF PF C,14.0,16.6,12.1,14.2
9346,Karl-Anthony Towns,NY,PF C,14.9,20.3,16.7,17.3
27619,Tyrese Haliburton,IND,PG SG,17.2,22.7,12.0,17.3
9386,Kevin Durant,HOU,SG SF PF,17.2,20.7,17.0,18.3
31045,Alperen Sengün,HOU,PF C,18.2,25.2,20.6,21.3
111204,Amen Thompson,HOU,PG SG,23.6,19.9,21.5,21.7
15280,Jalen Brunson,NY,PG,22.5,13.8,31.8,22.7
9218,Stephen Curry,GS,PG,24.4,27.1,19.5,23.7
10134,Jamal Murray,DEN,PG,20.3,32.1,20.5,24.3
15202,Trae Young,WAS,PG,26.6,23.5,23.4,24.5
9434,Devin Booker,PHO,PG SG,27.4,20.7,27.2,25.1
31035,Josh Giddey,CHI,PG SG,23.9,25.1,26.6,25.2
27469,LaMelo Ball,MIN,PG,25.7,25.5,25.0,25.4
10113,Domantas Sabonis,SAC,PF C,28.4,17.8,38.3,28.2
35041,Austin Reaves,LAL,PG SG SF,21.9,40.3,23.4,28.5
9476,Kawhi Leonard,TOR,SG SF PF,28.5,29.1,29.0,28.9
9232,James Harden,CLE,PG SG,35.6,27.6,27.7,30.3
31032,Evan Mobley,CLE,PF C,30.0,37.1,29.7,32.3
13742,Bam Adebayo,MIA,PF C,30.2,31.8,35.5,32.5
9354,Anthony Davis,WAS,PF C,39.1,32.7,28.3,33.4
10090,Jaylen Brown,PHI,SG SF PF,28.2,32.0,43.3,34.5
38848,Jalen Duren,DET,C,35.8,32.8,42.1,36.9
27454,Deni Avdija,POR,SG SF PF,39.4,36.9,38.8,38.4
38617,Chet Holmgren,OKC,PF C,27.0,65.3,24.9,39.1
38949,Jalen Williams,OKC,SF PF,42.9,39.7,37.9,40.2
13755,Derrick White,BOS,PG SG,46.9,41.5,34.9,41.1
38840,Paolo Banchero,ORL,PF,33.9,42.7,48.7,41.8
120214,Kon Knueppel,CHA,SG SF,39.5,40.5,45.9,42.0
9158,LeBron James,PHI,SF PF,39.4,33.5,55.5,42.8
13734,Lauri Markkanen,UTA,SF PF,39.2,59.3,35.0,44.5
10123,Pascal Siakam,IND,PF C,49.1,30.2,56.7,45.3
31046,Trey Murphy III,NO,SG SF,39.9,77.2,30.0,49.0
27649,Desmond Bane,ORL,SG SF,53.0,50.6,48.7,50.8
38790,Walker Kessler,LAL,C,37.0,81.5,37.1,51.9
9157,Kyrie Irving,DAL,PG,52.6,61.5,51.7,55.3
110400,Brandon Miller,CHA,SF PF,46.9,76.1,43.3,55.4
120002,Stephon Castle,SA,PG SG,55.3,51.3,62.3,56.3
17208,Nickeil Alexander-Walker,ATL,PG SG,60.1,58.2,51.9,56.7
17191,Darius Garland,LAC,PG,65.3,51.8,53.8,57.0
120003,Donovan Clingan,POR,C,40.9,84.5,48.9,58.1
9418,Joel Embiid,PHI,C,51.0,64.1,59.5,58.2
15211,Michael Porter Jr.,BKN,SF PF,60.2,54.4,65.5,60.0
39833,Dyson Daniels,ATL,SG SF,61.9,61.3,57.8,60.3
15201,Jaren Jackson Jr.,UTA,PF C,50.6,91.3,41.1,61.0
27342,Onyeka Okongwu,ATL,C,54.5,81.5,47.3,61.1
31037,Franz Wagner,ORL,SF PF,53.4,74.4,60.7,62.8
111212,Keyonte George,UTA,PG SG,56.0,78.9,57.7,64.2
120369,Cameron Boozer,MEM,PF,57.8,80.0,58.3,65.4
10165,Dejounte Murray,NO,PG,71.9,71.1,54.6,65.9
9282,Julius Randle,BKN,PF,68.4,62.9,68.2,66.5
17295,Tyler Herro,MIL,PG SG,68.1,72.2,62.7,67.7
17285,Naz Reid,CHA,PF C,63.1,69.4,72.4,68.3
15207,Mikal Bridges,NY,SF PF,79.7,52.7,72.8,68.4
13732,De'Aaron Fox,SA,PG,80.2,51.7,74.5,68.8
13750,OG Anunoby,NY,SF PF,66.5,86.3,58.3,70.4
120011,Matas Buzelis,CHI,SF PF,59.8,93.1,58.8,70.6
10149,Brandon Ingram,LAC,SG SF PF,64.3,75.0,76.2,71.8
16958,Zion Williamson,NO,PF C,70.3,66.5,83.3,73.4
13749,Jarrett Allen,CLE,C,70.9,67.4,82.3,73.5
10169,Ivica Zubac,IND,C,65.1,92.1,65.9,74.4
9445,Damian Lillard,POR,PG,68.9,75.3,81.4,75.2
9503,Rudy Gobert,MIN,C,72.9,82.7,70.4,75.3
120000,Alexandre Sarr,WAS,C,71.4,92.2,65.1,76.2
120030,Kel'el Ware,MIL,C,72.0,109.5,58.4,80.0
120210,VJ Edgecombe,PHI,PG SG,75.7,87.0,84.0,82.2
120370,Caleb Wilson,CHI,PF,79.6,79.2,94.1,84.3
120367,AJ Dybantsa,WAS,SF,77.9,79.0,99.5,85.5
38954,Ryan Rollins,MIL,PG SG,76.3,111.1,69.2,85.5
120208,Dylan Harper,SA,PG SG,85.0,83.2,88.7,85.6
17189,Ja Morant,POR,PG,92.3,85.3,82.3,86.6
27718,Payton Pritchard,BOS,PG,79.0,101.6,80.6,87.1
9250,Paul George,BOS,SF PF,80.8,105.3,75.6,87.2
27700,Jaden McDaniels,MIN,SF,88.3,101.2,78.0,89.2
120018,Zach Edey,MEM,C,74.6,124.4,69.4,89.5
9500,Norman Powell,CHI,SG SF,92.7,85.0,91.9,89.9
17193,Coby White,CHA,PG SG,88.4,97.5,84.3,90.1
120216,Derik Queen,NO,PF C,77.4,105.0,91.0,91.1
111205,Ausar Thompson,DET,SG SF PF,89.0,105.2,80.9,91.7
27724,Immanuel Quickley,TOR,PG SG,97.0,108.0,83.6,96.2
13756,Josh Hart,NY,SG SF,96.4,97.7,96.3,96.8
15209,Miles Bridges,PHO,PF,98.0,93.4,104.2,98.5
17304,Ty Jerome,MEM,PG SG,109.5,95.5,90.5,98.5
38797,Jabari Smith Jr.,HOU,PF C,94.5,123.5,91.1,103.0
13740,Luke Kennard,PHO,SG SF,103.5,,,103.5
17252,Nicolas Claxton,CHI,C,90.6,122.7,98.5,103.9
9252,Myles Turner,MIL,C,99.8,125.1,87.0,104.0
9373,Kristaps Porzingis,GS,C,100.0,107.3,108.0,105.1
120368,Darryn Peterson,UTA,SG,99.3,110.1,112.2,107.2
9447,CJ McCollum,ATL,PG SG,108.5,98.1,115.6,107.4
9342,Andrew Wiggins,MIA,SG SF PF,102.0,115.8,107.4,108.4
120234,Cedric Coward,MEM,SG SF,89.7,129.5,108.1,109.1
111215,Brandin Podziemski,GS,PG SG,116.5,96.4,119.2,110.7
31058,Day'Ron Sharpe,BKN,C,94.8,139.2,100.6,111.5
31031,Jalen Green,PHO,SG SF,103.9,112.2,118.7,111.6
31067,Ayo Dosunmu,MIN,PG SG,114.3,115.5,106.9,112.2
10124,Fred VanVleet,HOU,PG,119.1,109.2,108.6,112.3
15281,Isaiah Hartenstein,OKC,C,105.6,134.2,97.8,112.5
31034,Jalen Suggs,ORL,PG SG,111.6,137.0,90.9,113.2
13737,John Collins,DET,PF C,116.8,116.5,110.0,114.4
17286,Kevin Porter Jr.,MIL,PG SG,117.8,114.6,111.8,114.7
120004,Reed Sheppard,HOU,PG SG,120.2,105.0,119.3,114.8
9343,Zach LaVine,SAC,PG SG SF,105.1,127.2,115.8,116.0
17181,RJ Barrett,TOR,SG SF PF,111.5,112.6,124.2,116.1
9489,DeMar DeRozan,DEN,SF PF,116.6,96.4,137.0,116.7
111214,Jaime Jaquez Jr.,MIL,SG SF PF,103.5,123.9,125.7,117.7
31068,Neemias Queta,BOS,C,114.2,135.8,104.7,118.2
38942,Keegan Murray,SAC,SF PF,120.7,125.3,109.0,118.3
120372,Darius Acuff Jr.,SAC,PG,110.1,111.1,134.2,118.5
38944,Peyton Watson,CLE,SF PF,115.6,125.8,116.6,119.3
38835,Mark Williams,PHO,C,107.8,139.3,113.3,120.1
111248,Toumani Camara,POR,SF PF,111.0,138.6,112.2,120.6
120217,Collin Murray-Boyles,TOR,PF C,115.8,139.7,108.0,121.2
120041,Ajay Mitchell,OKC,PG SG,115.4,140.0,114.6,123.3
109469,Cason Wallace,OKC,PG SG SF,118.0,137.4,115.0,123.5
9192,Jusuf Nurkic,UTA,C,113.2,139.7,119.6,124.2
10122,Jakob Poeltl,TOR,C,121.4,124.9,126.2,124.2
120020,Kyshawn George,WAS,SG SF PF,117.3,134.7,124.8,125.6
38614,Andrew Nembhard,IND,PG SG,115.0,129.5,134.9,126.5
120211,Jeremiah Fears,NO,PG SG,117.1,128.5,135.6,127.1
38950,Tari Eason,HOU,SG SF PF,116.8,,139.1,128.0
120218,Egor Demin,BKN,PG SG,120.5,135.2,130.2,128.6
9406,Aaron Gordon,DEN,PF C,112.5,132.1,143.1,129.2
39847,Collin Gillespie,PHO,PG SG,120.8,126.5,141.8,129.7
111206,Anthony Black,ORL,PG SG SF,118.6,136.2,134.7,129.8
120209,Ace Bailey,UTA,SF PF,118.1,132.8,139.3,130.1
120244,Maxime Raynaud,SAC,C,118.3,140.0,131.9,130.1
27593,Saddiq Bey,NO,SF PF,120.7,137.9,132.2,130.3
31083,Sandro Mamukelashvili,LAL,PF C,118.1,140.1,133.2,130.5
17273,P.J. Washington,DAL,PF C,117.2,139.7,136.5,131.1
27884,Paul Reed,DET,PF C,117.6,,148.4,133.0
27679,Tre Jones,CHI,PG SG,112.2,,156.9,134.6
31038,Davion Mitchell,MIA,PG,118.6,138.6,150.3,135.8
27644,Devin Vassell,SA,SG SF,116.5,134.5,157.3,136.1
9212,Tobias Harris,SA,PF,113.9,119.6,176.4,136.6
31054,Quentin Grimes,LAL,SG SF,121.5,129.1,162.2,137.6
38955,Moussa Diabaté,CHA,C,113.0,139.9,162.4,138.4
15218,Grayson Allen,CHA,SG SF,115.0,,161.7,138.4
111209,Gradey Dick,LAC,SG SF,,139.7,,139.7
120222,Carter Bryant,SA,SF PF,,139.7,,139.7
31055,Bones Hyland,MIN,PG SG,,139.8,,139.8
15223,Landry Shamet,NY,SG SF,,139.8,,139.8
9355,Jrue Holiday,POR,PG SG,117.6,131.6,170.3,139.8
31081,Luka Garza,BOS,C,,139.9,,139.9
9283,Jordan Clarkson,NY,SG SF,,139.9,,139.9
120007,Rob Dillingham,CHI,PG SG,,139.9,,139.9
120026,Tyler Kolek,NY,PG SG,,139.9,,139.9
120027,Tidjane Salaün,CHA,PF C,,139.9,,139.9
120100,Pat Spencer,PHO,PG SG,,139.9,,139.9
13856,Thomas Bryant,CLE,C,,139.9,,139.9
17274,Dean Wade,PHI,SF PF,,139.9,,139.9
120390,Meleek Thomas,CLE,SG,,139.9,,139.9
120392,Joshua Jefferson,BKN,PF,,139.9,,139.9
120031,Pacôme Dadiet,NY,SG SF,,139.9,,139.9
120032,Justin Edwards,PHI,SF PF,,139.9,,139.9
120384,Isaiah Evans,MIN,SG,,139.9,,139.9
120386,Bennett Stirtz,OKC,PG,,139.9,,139.9
120219,Jase Richardson,ORL,PG SG,,140.0,,140.0
120408,Tarris Reed Jr.,SA,C,,140.0,,140.0
120409,Bruce Thornton,HOU,PG,,140.0,,140.0
120411,Trevon Brazile,DEN,PF,,140.0,,140.0
120412,Baba Miller,LAC,PF,,140.0,,140.0
120413,Ryan Conwell,MIA,SG,,140.0,,140.0
120420,Emanuel Sharp,SAC,SG,,140.0,,140.0
15309,Kenrich Williams,OKC,PF C,,140.0,,140.0
9227,Kevon Looney,LAL,PF C,,140.0,,140.0
15217,Josh Okogie,UTA,SG SF,,140.0,,140.0
15288,Jarred Vanderbilt,LAL,PF C,,140.0,,140.0
15293,Jevon Carter,ORL,PG SG,,140.0,,140.0
120232,Hugo González,BOS,SG SF,,140.0,,140.0
120233,Ben Saraf,BKN,SG,,140.0,,140.0
120035,KJ Simpson,DEN,PG SG,,140.0,,140.0
120242,Noah Penda,ORL,SF PF,,140.0,,140.0
120243,Tyrese Proctor,CLE,PG SG,,140.0,,140.0
120021,Johnny Furphy,IND,SG SF,,140.0,,140.0
120022,DaRon Holmes II,DEN,PF C,,140.0,,140.0
120393,Alex Karaban,SAC,SF,,140.0,,140.0
120394,Zuby Ejiofor,ATL,PF,,140.0,,140.0
120395,Karim Lopez,MEM,SF,,140.0,,140.0
120237,Rasheer Fleming,PHO,PF C,,140.0,,140.0
120238,Adou Thiero,LAL,SF PF,,140.0,,140.0
120381,Chris Cenac Jr.,BOS,PF,,140.0,,140.0
120382,Christian Anderson,CHA,PG,,140.0,,140.0
120383,Jayden Quaintance,SA,PF,,140.0,,140.0
120108,Oscar Tshiebwe,HOU,PF C,,140.0,,140.0
120119,Branden Carlson,POR,C,,140.0,,140.0
120130,Jamison Battle,TOR,SF PF,,140.0,,140.0
120146,Spencer Jones,DEN,SF PF,,140.0,,140.0
120163,Javonte Green,DET,SG SF,,140.0,,140.0
120199,Nae'Qwan Tomlin,CLE,SF PF,,140.0,,140.0
120070,Ariel Hukporti,PHI,C,,140.0,,140.0
120056,Cam Christie,LAC,SG SF,,140.0,,140.0
120245,Chaz Lanier,DET,SG,,140.0,,140.0
120246,Sion James,CHA,SG SF,,140.0,,140.0
120248,Alijah Martin,TOR,PG SG,,140.0,,140.0
120251,Micah Peavy,MEM,SF PF,,140.0,,140.0
120256,Javon Small,MEM,PG SG,,140.0,,140.0
120257,Kobe Sanders,LAC,SG SF,,140.0,,140.0
120258,Mohamed Diawara,NY,PF,,140.0,,140.0
120263,Will Richard,GS,SG SF,,140.0,,140.0
120266,Caleb Love,PHI,PG SG,,140.0,,140.0
120280,Ryan Nembhard,CHA,PG,,140.0,,140.0
120228,Drake Powell,BKN,PG SG,,140.0,,140.0
9296,Mike Conley,BOS,PG,,140.0,,140.0
120099,Daeqwon Plowden,SAC,SG SF,,140.0,,140.0
120287,Moussa Cisse,DAL,C,,140.0,,140.0
120339,Myron Gardner,MIA,SG SF,,140.0,,140.0
120235,Yang Hansen,POR,C,,140.0,,140.0
120096,Karlo Matkovic,NO,PF C,,140.0,,140.0
111253,Trayce Jackson-Davis,TOR,C,,140.0,,140.0
9347,Tyus Jones,DEN,PG,,140.0,,140.0
111222,Ben Sheppard,IND,SG SF,,140.0,,140.0
9512,Trey Lyles,MIN,PF,,140.0,,140.0
31082,Charles Bassey,GS,C,,140.0,,140.0
36073,Micah Potter,POR,PF C,,140.0,,140.0
38959,Jabari Walker,PHI,PF,,140.0,,140.0
31043,Moses Moody,GS,SG SF PF,,140.0,,140.0
27706,Zeke Nnaji,DEN,PF C,,140.0,,140.0
39838,Jaden Hardy,LAL,PG SG SF,,140.0,,140.0
120001,Nikola Topic,OKC,PG,,140.0,,140.0
111239,Rayan Rupert,PHI,SG SF,,140.0,,140.0
111240,Sidy Cissoko,POR,SF PF,,140.0,,140.0
13726,Bogdan Bogdanovic,HOU,PG SG SF,,140.0,,140.0
10155,Taurean Prince,DET,SF PF,,140.0,,140.0
10136,Buddy Hield,CHA,SG SF,,140.0,,140.0
120008,Dalton Knecht,LAL,SG SF,,140.0,,140.0
120013,Devin Carter,BOS,PG SG,,140.0,,140.0
39850,Ron Harper Jr.,BOS,SF,,140.0,,140.0
43375,Simone Fontecchio,MIA,SF PF,,140.0,,140.0
53608,Jamal Cain,ORL,SG SF,,140.0,,140.0
53703,Jamaree Bouyea,PHO,PG,,140.0,,140.0
53821,Dominick Barlow,PHI,PF C,,140.0,,140.0
120006,Cody Williams,MIN,SG SF,,140.0,,140.0
38847,Josh Minott,BKN,SF PF,,140.0,,140.0
38956,Bryce McGowens,NO,SG SF,,140.0,,140.0
9228,Draymond Green,GS,PF C,109.5,133.7,177.2,140.1
9659,Caris LeVert,MIL,SG SF,,140.1,,140.1
10117,Dorian Finney-Smith,ATL,SF PF,,140.1,,140.1
111225,Julian Strawther,DEN,SG SF,,140.1,,140.1
111244,Jordan Miller,LAC,SG SF,,140.1,,140.1
111216,Cam Whitmore,DEN,SF PF,,140.1,,140.1
111221,Marcus Sasser,DAL,PG,,140.1,,140.1
31044,Corey Kispert,ATL,SG SF,,140.1,,140.1
31039,Ziaire Williams,LAL,SG SF,,140.1,,140.1
27596,Jae'Sean Tate,HOU,SG SF PF,,140.1,,140.1
27627,Patrick Williams,CHI,SF PF,,140.1,,140.1
27652,Josh Green,UTA,SG SF,,140.1,,140.1
31087,Jericho Sims,MIL,PF C,,140.1,,140.1
31047,Tre Mann,WAS,PG SG,,140.1,,140.1
9475,Kyle Anderson,TOR,SF PF,,140.1,,140.1
111235,Mouhamed Gueye,ATL,PF C,,140.1,,140.1
111238,Tristan Vukcevic,WAS,C,,140.1,,140.1
9268,DeAndre Jordan,NO,C,,140.1,,140.1
9237,Clint Capela,HOU,C,,140.1,,140.1
9286,Larry Nance Jr.,IND,PF C,,140.1,,140.1
38958,Caleb Houstan,NO,SF,,140.1,,140.1
111210,Jordan Hawkins,MEM,SG SF,,140.1,,140.1
111249,Jaylen Clark,MIN,SG SF,,140.1,,140.1
120098,Quenton Jackson,IND,PG SG,,140.1,,140.1
120229,Noa Essengue,CHI,PF,,140.1,,140.1
17270,Grant Williams,CHA,PF C,,140.1,,140.1
17308,John Konchar,NY,SG SF,,140.1,,140.1
17312,Caleb Martin,DAL,SF PF,,140.1,,140.1
17194,Jaxson Hayes,UTA,C,,140.1,,140.1
120223,Asa Newell,ATL,PF C,,140.1,,140.1
15341,Jordan McLaughlin,SA,PG SG,,140.1,,140.1
120377,Yaxel Lendeborg,GS,PF,116.1,134.2,170.8,140.4
9412,Nikola Vucevic,ORL,C,115.1,113.1,195.2,141.1
17197,Cameron Johnson,DEN,SF PF,113.9,140.0,170.1,141.3
15282,Mitchell Robinson,BOS,C,108.0,136.8,180.9,141.9
13786,Dillon Brooks,PHO,SF PF,115.2,133.2,180.4,142.9
15204,Wendell Carter Jr.,ORL,C,112.0,,174.3,143.2
38940,Bennedict Mathurin,NO,SG SF,117.6,139.1,178.2,145.0
120375,Mikel Brown Jr.,BKN,PG,117.5,139.6,180.8,146.0
120213,Khaman Maluach,PHO,C,121.2,139.9,181.2,147.4
38570,Christian Braun,DEN,SG SF PF,120.5,138.6,184.5,147.9
38941,Shaedon Sharpe,POR,PG SG,118.7,139.3,190.0,149.3
9152,Jimmy Butler III,GS,SF PF,117.3,133.1,202.6,151.0
9118,Brook Lopez,LAC,C,104.2,139.1,214.1,152.5
120014,Kyle Filipowski,UTA,PF C,114.0,139.8,206.0,153.3
53823,Julian Champagnie,SA,SF PF,109.2,134.3,219.3,154.3
9419,Jerami Grant,MEM,SF PF,117.7,139.5,209.1,155.4
120389,Morez Johnson Jr.,DAL,PF,117.1,140.0,209.0,155.4
27622,Isaiah Stewart,MEM,PF C,111.9,140.1,215.7,155.9
9151,Bobby Portis,MIA,PF C,111.9,139.5,220.2,157.2
15205,Collin Sexton,LAL,PG SG,118.9,131.6,221.5,157.3
120067,Pelle Larsson,MIA,SG SF,,140.0,175.0,157.5
17259,Daniel Gafford,DAL,C,107.6,136.1,229.1,157.6
31036,Jonathan Kuminga,MIN,SF PF,116.7,136.3,220.0,157.7
27883,Aaron Nesmith,IND,SG SF,106.5,,210.7,158.6
120060,Bronny James Jr.,LAL,PG SG,95.9,137.9,243.4,159.1
15198,Deandre Ayton,WAS,C,117.7,139.4,221.2,159.4
120371,Keaton Wagler,LAC,SG,119.3,139.6,219.5,159.5
17195,Rui Hachimura,LAC,SF PF,107.7,139.4,236.3,161.1
15221,Anfernee Simons,PHI,PG SG,104.1,139.0,240.5,161.2
13860,Alex Caruso,OKC,SG SF,104.7,138.2,241.9,161.6
120043,Adem Bona,PHI,C,102.9,140.1,242.1,161.7
120009,Jared McCain,OKC,PG SG,108.3,137.9,240.1,162.1
120378,Aday Mara,OKC,C,104.9,139.8,241.6,162.1
120230,Joan Beringer,MIN,PF C,,140.0,184.1,162.1
9202,Andre Drummond,NY,C,104.7,139.8,242.8,162.4
9526,Kelly Oubre Jr.,IND,SF PF,115.4,139.9,232.4,162.6
9082,Al Horford,GS,PF C,104.3,140.0,243.5,162.6
9221,Klay Thompson,MIA,SG SF,108.6,137.1,242.2,162.6
13753,Kyle Kuzma,MIL,SF PF,117.3,140.1,236.1,164.5
53593,Scotty Pippen Jr.,MEM,PG,,138.9,196.0,167.5
39849,AJ Green,MIL,PG SG SF,103.3,,242.0,172.7
120376,Brayden Burries,MIL,SG,114.1,,232.6,173.4
15300,Duncan Robinson,DET,SG SF,107.2,,240.4,173.8
31084,Aaron Wiggins,ATL,SG SF,109.1,,238.8,174.0
109470,Dereck Lively II,DAL,C,,140.0,212.8,176.4
111203,Scoot Henderson,POR,PG,,139.8,227.6,183.7
35209,Jay Huff,IND,C,,140.0,228.8,184.4
31059,Santi Aldama,DAL,PF,,140.1,230.4,185.3
120051,Oso Ighodaro,PHO,C,,136.0,235.8,185.9
17329,Jordan Poole,NO,PG SG,,137.2,239.8,188.5
17305,Keldon Johnson,SA,SF PF,,139.6,239.3,189.5
38948,Jake LaRavia,LAL,SF PF,,139.7,240.6,190.2
39844,Gui Santos,GS,SF PF,,,190.3,190.3
9087,Tim Hardaway Jr.,MIA,SG SF,,139.8,241.2,190.5
13739,Malik Monk,SAC,PG SG,,138.6,242.6,190.6
9102,Marcus Smart,HOU,PG SG,,140.0,241.4,190.7
39834,Ousmane Dieng,MIL,SF PF,,140.0,241.9,191.0
111207,Taylor Hendricks,MEM,PF C,,140.0,242.1,191.1
120396,Allen Graves,TOR,PF,,140.0,242.3,191.2
120063,Terrence Shannon Jr.,MIN,SG SF,,140.0,242.3,191.2
120118,Daniss Jenkins,DET,PG SG,,140.0,242.3,191.2
120282,Dylan Cardwell,SAC,PF C,,140.0,242.6,191.3
31065,Miles McBride,NY,PG SG,,140.0,242.6,191.3
9423,T.J. McConnell,IND,PG,,139.3,243.2,191.3
111229,Leonard Miller,CHI,SF PF,,140.0,242.9,191.5
120387,Cameron Carr,LAL,SG,,140.0,243.1,191.6
120220,Will Riley,WAS,SF PF,,140.0,243.2,191.6
120236,Yanic Konan Niederhauser,LAC,C,,140.0,243.2,191.6
11882,Gary Payton II,GS,SG SF,,140.1,243.1,191.6
109468,Jarace Walker,IND,SF PF,,140.1,243.1,191.6
9390,Steven Adams,HOU,C,,140.0,243.4,191.7
120374,Nate Ament,MIL,SF,,140.0,243.3,191.7
120385,Koa Peat,PHO,PF,,140.0,243.4,191.7
39836,Nikola Jovic,MIA,PF C,,139.3,244.0,191.7
120407,Sergio de Larrea,DAL,PG,,139.8,243.6,191.7
120380,Labaron Philon Jr.,PHI,PG,,139.8,243.5,191.7
38695,Jaylin Williams,OKC,PF C,,139.8,243.7,191.8
111258,Craig Porter Jr.,CLE,PG SG,,140.0,243.6,191.8
35173,Dru Smith,MIA,PG SG,,140.0,243.5,191.8
15353,Svi Mykhailiuk,UTA,SG SF,,140.0,243.5,191.8
120388,Dailyn Swain,CHI,SF,,140.0,243.6,191.8
17255,Luguentz Dort,ATL,SG SF,,140.1,243.5,191.8
13784,Zach Collins,CHI,C,,140.1,243.4,191.8
33899,Jock Landale,ATL,C,,140.0,243.7,191.9
13862,Luke Kornet,SA,C,,139.9,243.9,191.9
31159,Justin Champagnie,WAS,SF PF,,140.0,243.8,191.9
35219,Jose Alvarado,NY,PG,,139.7,244.1,191.9
9203,Kentavious Caldwell-Pope,PHI,SG SF,,140.0,244.0,192.0
120068,Quinten Post,MEM,C,,140.0,244.1,192.1
35208,Jordan Goodwin,PHO,PG SG,,140.0,244.1,192.1
27637,Isaac Okoro,CHI,SG SF,,140.1,244.0,192.1
9334,Khris Middleton,WAS,SF PF,,140.1,244.0,192.1
111220,Olivier-Maxence Prosper,MEM,SF PF C,,140.1,244.1,192.1
15222,Moritz Wagner,BKN,C,,140.1,244.0,192.1
109467,Bilal Coulibaly,WAS,SG SF,,,199.5,199.5
31064,Herbert Jones,NO,SG SF,,,204.0,204.0
120065,Cam Spencer,MEM,PG SG,,,220.6,220.6
120226,Nique Clifford,SAC,SG SF,,,221.2,221.2
15316,De'Anthony Melton,GS,PG SG,,,222.7,222.7
120029,Yves Missi,NO,C,,,230.4,230.4
120023,Jaylon Tyson,CLE,SG SF PF,,,230.4,230.4
120379,Hannes Steinbach,CHA,PF,,,230.9,230.9
27850,Naji Marshall,DAL,SG SF PF,,,230.9,230.9
53595,Keon Ellis,BKN,SG SF,,,231.9,231.9
111217,Noah Clowney,BKN,PF C,,,234.2,234.2
120239,Ryan Kalkbrenner,CHA,C,,,235.4,235.4
15224,Robert Williams III,POR,C,,,235.6,235.6
38582,Max Christie,DAL,SG SF,,,236.0,236.0
120015,Isaiah Collier,UTA,PG SG,,,237.0,237.0
120005,Zaccharie Risacher,DAL,SF PF,,,238.1,238.1
27881,Isaiah Joe,DET,SG SF,,,238.2,238.2
120010,Ron Holland II,DET,SF PF,,,239.7,239.7
27691,Sam Merrill,CLE,SG SF,,,239.9,239.9
27843,Precious Achiuwa,SAC,PF C,,,240.1,240.1
120373,Kingston Flemings,ATL,PG,,,240.1,240.1
17276,Max Strus,LAC,SF PF,,,240.5,240.5
120212,Tre Johnson,WAS,PG SG SF,,,240.6,240.6
17190,De'Andre Hunter,SAC,SF PF,,,240.7,240.7
120012,Ja'Kobe Walter,TOR,PG SG,,,241.0,241.0
9523,Bradley Beal,LAC,SG SF,,,241.3,241.3
111224,Brice Sensabaugh,UTA,SG SF PF,,,241.8,241.8
10129,Kris Dunn,LAC,PG SG,,,241.9,241.9
120039,Bub Carrington,WAS,PG SG,,,242.1,242.1
120221,Danny Wolf,BKN,PF C,,,242.2,242.2
120227,Walter Clayton Jr.,MEM,PG SG,,,242.2,242.2
120079,Jaylen Wells,MEM,SG SF,,,242.3,242.3
111241,GG Jackson II,MEM,SF PF C,,,242.7,242.7
13792,Royce O'Neale,CHA,SF PF,,,242.8,242.8
31051,Isaiah Jackson,LAC,C,,,243.0,243.0
9084,Dennis Schröder,CHA,PG SG,,,243.1,243.1
10146,Derrick Jones Jr.,LAC,SF PF,,,243.4,243.4
27683,Jalen Smith,CHI,PF C,,,243.4,243.4
120215,Kasparas Jakucionis,MIL,PG SG,,,243.6,243.6
36104,Sam Hauser,BOS,SF PF,,,243.6,243.6
27591,Obi Toppin,IND,SF PF,,,243.7,243.7
9220,Harrison Barnes,SA,PF,,,243.7,243.7
120052,Baylor Scheierman,BOS,SG SF,,,243.8,243.8
15199,Marvin Bagley III,DEN,PF C,,,243.9,243.9
120016,Tristan da Silva,ORL,SF PF,,,244.0,244.0
17275,Matisse Thybulle,LAL,SG SF,,,244.1,244.1
120046,Jamal Shead,TOR,PG,,,244.1,244.1
